 230.961938 CANFD   1 Rx        7e0                                   0 0 8  8 1f ff 36 0f 00 00 ff ff   241979  125   200000     131f 46500250 460a0250 20011736 20010205
 230.962842 CANFD   1 Rx        7e8                                   0 0 3  3 30 00 00   146000   77   200000     4ece 46500250 460a0250 20011736 20010205
 230.972256 CANFD   1 Rx        7e0                                   0 0 8  8 21 00 00 00 00 00 00 00   243979  126   200000     3602 46500250 460a0250 20011736 20010205
 230.972500 CANFD   1 Rx        7e0                                   0 0 8  8 22 00 40 b0 ff ff 40 b0   236000  122   220000     5f9d 46500250 460a0250 20011736 20010205
 230.972753 CANFD   1 Rx        7e0                                   0 0 8  8 23 ff ff 00 00 ff ff 00   244000  126   220000     1032 46500250 460a0250 20011736 20010205
 230.973003 CANFD   1 Rx        7e0                                   0 0 8  8 24 00 00 00 00 00 00 00   242000  125   220000     7359 46500250 460a0250 20011736 20010205
 230.973243 CANFD   1 Rx        7e0                                   0 0 8  8 25 3e b9 ff ff 3f b9 ff   232000  120   220000      d18 46500250 460a0250 20011736 20010205
 230.973491 CANFD   1 Rx        7e0                                   0 0 8  8 26 ff 00 00 ff ff 00 00   240000  124   220000     49bc 46500250 460a0250 20011736 20010205
 230.973743 CANFD   1 Rx        7e0                                   0 0 8  8 27 00 00 00 00 00 00 00   243992  126   220000     4f90 46500250 460a0250 20011736 20010205
 230.973978 CANFD   1 Rx        7e0                                   0 0 8  8 28 00 96 30 07 77 2c 61   226000  117   220000      556 46500250 460a0250 20011736 20010205
 230.974206 CANFD   1 Rx        7e0                                   0 0 8  8 29 0e ee ba 51 09 99 19   220000  114   220000     6a30 46500250 460a0250 20011736 20010205
 230.974440 CANFD   1 Rx        7e0                                   0 0 8  8 2a c4 6d 07 8f f4 6a 70   226000  117   220000     68ea 46500250 460a0250 20011736 20010205
 230.974672 CANFD   1 Rx        7e0                                   0 0 8  8 2b 35 a5 63 e9 a3 95 64   224000  116   220000     4701 46500250 460a0250 20011736 20010205
 230.974902 CANFD   1 Rx        7e0                                   0 0 8  8 2c 9e 32 88 db 0e a4 b8   222000  115   220000     4f40 46500250 460a0250 20011736 20010205
 230.975133 CANFD   1 Rx        7e0                                   0 0 8  8 2d dc 79 1e e9 d5 e0 88   222000  115   220000     511c 46500250 460a0250 20011736 20010205
 230.975363 CANFD   1 Rx        7e0                                   0 0 8  8 2e d9 d2 97 2b 4c b6 09   222000  115   220000     576a 46500250 460a0250 20011736 20010205
 230.975599 CANFD   1 Rx        7e0                                   0 0 8  8 2f bd 7c b1 7e 07 2d b8   228000  118   220000     7b88 46500250 460a0250 20011736 20010205
 230.975839 CANFD   1 Rx        7e0                                   0 0 8  8 20 e7 91 1d bf 90 64 10   232000  120   220000     207a 46500250 460a0250 20011736 20010205
 230.976074 CANFD   1 Rx        7e0                                   0 0 8  8 21 b7 1d f2 20 b0 6a 48   226000  117   220000     35af 46500250 460a0250 20011736 20010205
 230.976310 CANFD   1 Rx        7e0                                   0 0 8  8 22 71 b9 f3 de 41 be 84   228000  118   220000      309 46500250 460a0250 20011736 20010205
 230.976544 CANFD   1 Rx        7e0                                   0 0 8  8 23 7d d4 da 1a eb e4 dd   226000  117   220000     7bb8 46500250 460a0250 20011736 20010205
 230.976774 CANFD   1 Rx        7e0                                   0 0 8  8 24 6d 51 b5 d4 f4 c7 85   221992  115   220000     6602 46500250 460a0250 20011736 20010205
 230.977012 CANFD   1 Rx        7e0                                   0 0 8  8 25 d3 83 56 98 6c 13 c0   230000  119   220000     67df 46500250 460a0250 20011736 20010205
 230.977249 CANFD   1 Rx        7e0                                   0 0 8  8 26 a8 6b 64 7a f9 62 fd   228000  118   220000     41fa 46500250 460a0250 20011736 20010205
 230.977481 CANFD   1 Rx        7e0                                   0 0 8  8 27 ec c9 65 8a 4f 5c 01   224000  116   220000     3dcc 46500250 460a0250 20011736 20010205
 230.977713 CANFD   1 Rx        7e0                                   0 0 8  8 28 14 d9 6c 06 63 63 3d   224000  116   220000      e78 46500250 460a0250 20011736 20010205
 230.977945 CANFD   1 Rx        7e0                                   0 0 8  8 29 0f fa f5 0d 08 8d c8   224000  116   220000     4ff6 46500250 460a0250 20011736 20010205
 230.978177 CANFD   1 Rx        7e0                                   0 0 8  8 2a 20 6e 3b 5e 10 69 4c   224000  116   220000     6194 46500250 460a0250 20011736 20010205
 230.978414 CANFD   1 Rx        7e0                                   0 0 8  8 2b e4 41 60 d5 72 71 67   228000  118   220000     5bf6 46500250 460a0250 20011736 20010205
 230.978646 CANFD   1 Rx        7e0                                   0 0 8  8 2c a2 d1 e4 03 3c 47 d4   224000  116   220000     14dc 46500250 460a0250 20011736 20010205
 230.978880 CANFD   1 Rx        7e0                                   0 0 8  8 2d 04 4b fd 85 0d d2 6b   226000  117   220000     3f18 46500250 460a0250 20011736 20010205
 230.979110 CANFD   1 Rx        7e0                                   0 0 8  8 2e b5 0a a5 fa a8 b5 35   222000  115   220000     2877 46500250 460a0250 20011736 20010205
 230.979341 CANFD   1 Rx        7e0                                   0 0 8  8 2f 6c 98 b2 42 d6 c9 bb   222000  115   220000     677f 46500250 460a0250 20011736 20010205
 230.979577 CANFD   1 Rx        7e0                                   0 0 8  8 20 db 40 f9 bc ac e3 6c   228000  118   220000     7f0f 46500250 460a0250 20011736 20010205
 230.979811 CANFD   1 Rx        7e0                                   0 0 8  8 21 d8 32 75 5c df 45 cf   226000  117   220000      b81 46500250 460a0250 20011736 20010205
 230.980045 CANFD   1 Rx        7e0                                   0 0 8  8 22 0d d6 dc 59 3d d1 ab   226000  117   220000     7836 46500250 460a0250 20011736 20010205
 230.980275 CANFD   1 Rx        7e0                                   0 0 8  8 23 ac 30 d9 26 3a 00 de   222000  115   220000     674f 46500250 460a0250 20011736 20010205
 230.980512 CANFD   1 Rx        7e0                                   0 0 8  8 24 51 80 51 d7 c8 16 61   228000  118   220000     7b70 46500250 460a0250 20011736 20010205
 230.980746 CANFD   1 Rx        7e0                                   0 0 8  8 25 d0 bf b5 f4 b4 21 23   226000  117   220000     7d92 46500250 460a0250 20011736 20010205
 230.980976 CANFD   1 Rx        7e0                                   0 0 8  8 26 c4 b3 56 99 95 ba cf   222000  115   220000     377e 46500250 460a0250 20011736 20010205
 230.981212 CANFD   1 Rx        7e0                                   0 0 8  8 27 0f a5 bd b8 9e b8 02   228000  118   220000       c1 46500250 460a0250 20011736 20010205
 230.981448 CANFD   1 Rx        7e0                                   0 0 8  8 28 28 08 88 05 5f b2 d9   228000  118   220000     130a 46500250 460a0250 20011736 20010205
 230.981679 CANFD   1 Rx        7e0                                   0 0 8  8 29 0c c6 24 e9 0b b1 87   222000  115   220000     3feb 46500250 460a0250 20011736 20010205
 230.981909 CANFD   1 Rx        7e0                                   0 0 8  8 2a 7c 6f 2f 11 4c 68 58   222000  115   220000     25c9 46500250 460a0250 20011736 20010205
 230.982141 CANFD   1 Rx        7e0                                   0 0 8  8 2b ab 1d 61 c1 3d 2d 66   224000  116   220000     505b 46500250 460a0250 20011736 20010205
 230.982377 CANFD   1 Rx        7e0                                   0 0 8  8 2c b6 90 41 dc 76 06 71   228000  118   220000      5fd 46500250 460a0250 20011736 20010205
 230.982614 CANFD   1 Rx        7e0                                   0 0 8  8 2d db 01 bc 20 d2 98 2a   228000  118   220000     4f97 46500250 460a0250 20011736 20010205
 230.982846 CANFD   1 Rx        7e0                                   0 0 8  8 2e 10 d5 ef 89 85 b1 71   224000  116   220000     37d9 46500250 460a0250 20011736 20010205
 230.983080 CANFD   1 Rx        7e0                                   0 0 8  8 2f 1f b5 b6 06 a5 e4 bf   226000  117   220000     75b0 46500250 460a0250 20011736 20010205
 230.983314 CANFD   1 Rx        7e0                                   0 0 8  8 20 9f 33 d4 b8 e8 a2 c9   226000  117   220000     7917 46500250 460a0250 20011736 20010205
 230.983554 CANFD   1 Rx        7e0                                   0 0 8  8 21 07 78 34 f9 00 0f 8e   232000  120   220000     7b0e 46500250 460a0250 20011736 20010205
 230.992997 CANFD   1 Rx        7e0                                   0 0 8  8 22 a8 09 96 18 98 0e e1   225979  117   200000     6e01 46500250 460a0250 20011736 20010205
 230.993227 CANFD   1 Rx        7e0                                   0 0 8  8 23 bb 0d 6a 7f 2d 3d 6d   222000  115   220000     590a 46500250 460a0250 20011736 20010205
 230.993459 CANFD   1 Rx        7e0                                   0 0 8  8 24 08 97 6c 64 91 01 5c   224000  116   220000     66ca 46500250 460a0250 20011736 20010205
 230.993689 CANFD   1 Rx        7e0                                   0 0 8  8 25 63 e6 f4 51 6b 6b 62   222000  115   220000     6b32 46500250 460a0250 20011736 20010205
 230.993924 CANFD   1 Rx        7e0                                   0 0 8  8 26 61 6c 1c d8 30 65 85   226000  117   220000     2149 46500250 460a0250 20011736 20010205
 230.994160 CANFD   1 Rx        7e0                                   0 0 8  8 27 4e 00 62 f2 ed 95 06   228000  118   220000     33f4 46500250 460a0250 20011736 20010205
 230.994394 CANFD   1 Rx        7e0                                   0 0 8  8 28 6c 7b a5 01 1b c1 f4   226000  117   220000     547a 46500250 460a0250 20011736 20010205
 230.994632 CANFD   1 Rx        7e0                                   0 0 8  8 29 08 82 57 c4 0f f5 c6   230000  119   220000      488 46500250 460a0250 20011736 20010205
 230.994864 CANFD   1 Rx        7e0                                   0 0 8  8 2a d9 b0 65 50 e9 b7 12   224000  116   220000     33fe 46500250 460a0250 20011736 20010205
 230.995099 CANFD   1 Rx        7e0                                   0 0 8  8 2b ea b8 be 8b 7c 88 b9   226000  117   220000     64a2 46500250 460a0250 20011736 20010205
 230.995331 CANFD   1 Rx        7e0                                   0 0 8  8 2c fc df 1d dd 62 49 2d   224000  116   220000      594 46500250 460a0250 20011736 20010205
 230.995563 CANFD   1 Rx        7e0                                   0 0 8  8 2d da 15 f3 7c d3 8c 65   224000  116   220000      7b6 46500250 460a0250 20011736 20010205
 230.995793 CANFD   1 Rx        7e0                                   0 0 8  8 2e 4c d4 fb 58 61 b2 4d   221991  115   220000      eaa 46500250 460a0250 20011736 20010205
 230.996028 CANFD   1 Rx        7e0                                   0 0 8  8 2f ce 51 b5 3a 74 00 bc   226000  117   220000     6947 46500250 460a0250 20011736 20010205
 230.996262 CANFD   1 Rx        7e0                                   0 0 8  8 20 a3 e2 30 bb d4 41 a5   226000  117   220000     250d 46500250 460a0250 20011736 20010205
 230.996496 CANFD   1 Rx        7e0                                   0 0 8  8 21 df 4a d7 95 d8 3d 6d   226000  117   220000     150a 46500250 460a0250 20011736 20010205
 230.996728 CANFD   1 Rx        7e0                                   0 0 8  8 22 c4 d1 a4 fb f4 d6 d3   224000  116   220000     1885 46500250 460a0250 20011736 20010205
 230.996960 CANFD   1 Rx        7e0                                   0 0 8  8 23 6a e9 69 43 fc d9 6e   224000  116   220000     45fd 46500250 460a0250 20011736 20010205
 230.997189 CANFD   1 Rx        7e0                                   0 0 8  8 24 34 46 88 67 ad d0 b8   220000  114   220000     7bb8 46500250 460a0250 20011736 20010205
 230.997421 CANFD   1 Rx        7e0                                   0 0 8  8 25 60 da 73 2d 04 44 e5   224000  116   220000     3333 46500250 460a0250 20011736 20010205
 230.997655 CANFD   1 Rx        7e0                                   0 0 8  8 26 1d 03 33 5f 4c 0a aa   226000  117   220000     5a76 46500250 460a0250 20011736 20010205
 230.997893 CANFD   1 Rx        7e0                                   0 0 8  8 27 c9 7c 0d dd 3c 71 05   230000  119   220000     5c40 46500250 460a0250 20011736 20010205
 230.998127 CANFD   1 Rx        7e0                                   0 0 8  8 28 50 aa 41 02 27 10 10   226000  117   220000     4908 46500250 460a0250 20011736 20010205
 230.998362 CANFD   1 Rx        7e0                                   0 0 8  8 29 0b be 86 20 0c c9 25   226000  117   220000     2160 46500250 460a0250 20011736 20010205
 230.998592 CANFD   1 Rx        7e0                                   0 0 8  8 2a b5 68 57 b3 85 6f 20   222000  115   220000     457a 46500250 460a0250 20011736 20010205
 230.998822 CANFD   1 Rx        7e0                                   0 0 8  8 2b 09 d4 66 b9 9f e4 61   221991  115   220000     5e63 46500250 460a0250 20011736 20010205
 230.999056 CANFD   1 Rx        7e0                                   0 0 8  8 2c ce 0e f9 de 5e 98 c9   226000  117   220000      31e 46500250 460a0250 20011736 20010205
 230.999285 CANFD   1 Rx        7e0                                   0 0 8  8 2d d9 29 22 98 d0 b0 b4   220000  114   220000     1a4c 46500250 460a0250 20011736 20010205
 230.999519 CANFD   1 Rx        7e0                                   0 0 8  8 2e a8 d7 c7 17 3d b3 59   226000  117   220000     7afa 46500250 460a0250 20011736 20010205
 230.999751 CANFD   1 Rx        7e0                                   0 0 8  8 2f 81 0d b4 2e 3b 5c bd   224000  116   220000     62ea 46500250 460a0250 20011736 20010205
 230.999987 CANFD   1 Rx        7e0                                   0 0 8  8 20 b7 ad 6c ba c0 20 83   228000  118   220000     1724 46500250 460a0250 20011736 20010205
 231.000219 CANFD   1 Rx        7e0                                   0 0 8  8 21 b8 ed b6 b3 bf 9a 0c   224000  116   220000     2dc6 46500250 460a0250 20011736 20010205
 231.000450 CANFD   1 Rx        7e0                                   0 0 8  8 22 e2 b6 03 9a d2 b1 74   222000  115   220000     75b9 46500250 460a0250 20011736 20010205
 231.000684 CANFD   1 Rx        7e0                                   0 0 8  8 23 39 47 d5 ea af 77 d2   226000  117   220000     501e 46500250 460a0250 20011736 20010205
 231.000916 CANFD   1 Rx        7e0                                   0 0 8  8 24 9d 15 26 db 04 83 16   224000  116   220000     7779 46500250 460a0250 20011736 20010205
 231.001150 CANFD   1 Rx        7e0                                   0 0 8  8 25 dc 73 12 0b 63 e3 84   226000  117   220000     7fb6 46500250 460a0250 20011736 20010205
 231.001381 CANFD   1 Rx        7e0                                   0 0 8  8 26 3b 64 94 3e 6a 6d 0d   222000  115   220000     374a 46500250 460a0250 20011736 20010205
 231.001611 CANFD   1 Rx        7e0                                   0 0 8  8 27 a8 5a 6a 7a 0b cf 0e   222000  115   220000     166a 46500250 460a0250 20011736 20010205
 231.001845 CANFD   1 Rx        7e0                                   0 0 8  8 28 e4 9d ff 09 93 27 ae   225991  117   220000     1f03 46500250 460a0250 20011736 20010205
 231.002081 CANFD   1 Rx        7e0                                   0 0 8  8 29 00 0a b1 9e 07 7d 44   228000  118   220000     724e 46500250 460a0250 20011736 20010205
 231.002311 CANFD   1 Rx        7e0                                   0 0 8  8 2a 93 0f f0 d2 a3 08 87   222000  115   220000     2846 46500250 460a0250 20011736 20010205
 231.002546 CANFD   1 Rx        7e0                                   0 0 8  8 2b 68 f2 01 1e fe c2 06   226000  117   220000     6db6 46500250 460a0250 20011736 20010205
 231.012198 CANFD   1 Rx        7e0                                   0 0 8  8 2c 69 5d 57 62 f7 cb 67   221979  115   200000     1427 46500250 460a0250 20011736 20010205
 231.012432 CANFD   1 Rx        7e0                                   0 0 8  8 2d 65 80 71 36 6c 19 e7   226000  117   220000     517e 46500250 460a0250 20011736 20010205
 231.012664 CANFD   1 Rx        7e0                                   0 0 8  8 2e 06 6b 6e 76 1b d4 fe   224000  116   220000     61a5 46500250 460a0250 20011736 20010205
 231.012899 CANFD   1 Rx        7e0                                   0 0 8  8 2f e0 2b d3 89 5a 7a da   226000  117   220000     513f 46500250 460a0250 20011736 20010205
 231.013137 CANFD   1 Rx        7e0                                   0 0 8  8 20 10 cc 4a dd 67 6f df   230000  119   220000     7ff4 46500250 460a0250 20011736 20010205
 231.013373 CANFD   1 Rx        7e0                                   0 0 8  8 21 b9 f9 f9 ef be 8e 43   228000  118   220000     65e7 46500250 460a0250 20011736 20010205
 231.013609 CANFD   1 Rx        7e0                                   0 0 8  8 22 be b7 17 d5 8e b0 60   228000  118   220000     31e4 46500250 460a0250 20011736 20010205
 231.013991 CANFD   1 Rx        7e0                                   0 0 8  8 23 e8 a3 d6 d6 7e 93 d1   223967  116   200000     4ce9 46500250 460a0250 20011736 20010205
 231.014224 CANFD   1 Rx        7e0                                   0 0 8  8 24 a1 c4 c2 d8 38 52 f2   224000  116   220000     6a0b 46500250 460a0250 20011736 20010205
 231.014460 CANFD   1 Rx        7e0                                   0 0 8  8 25 df 4f f1 67 bb d1 67   228000  118   220000     65fb 46500250 460a0250 20011736 20010205
 231.014694 CANFD   1 Rx        7e0                                   0 0 8  8 26 57 bc a6 dd 06 b5 3f   225992  117   220000     41ce 46500250 460a0250 20011736 20010205
 231.014922 CANFD   1 Rx        7e0                                   0 0 8  8 27 4b 36 b2 48 da 2b 0d   220000  114   220000     2b67 46500250 460a0250 20011736 20010205
 231.015157 CANFD   1 Rx        7e0                                   0 0 8  8 28 d8 4c 1b 0a af f6 4a   226000  117   220000      271 46500250 460a0250 20011736 20010205
 231.015395 CANFD   1 Rx        7e0                                   0 0 8  8 29 03 36 60 7a 04 41 c3   230000  119   220000     2782 46500250 460a0250 20011736 20010205
 231.015629 CANFD   1 Rx        7e0                                   0 0 8  8 2a ef 60 df 55 df 67 a8   226000  117   220000     5379 46500250 460a0250 20011736 20010205
 231.015845 1   Statistic: D 3554 R 0 XD 0 XR 0 E 0 O 0 B 86.38%
 231.015845 CAN 1 Status:chip status error active
 231.015845 2   Statistic: D 0 R 0 XD 0 XR 0 E 0 O 0 B 0.00%
 231.015845 CAN 2 Status:chip status error active
 231.015867 CANFD   1 Rx        7e0                                   0 0 8  8 2b ef 8e 6e 31 79 be 69   230000  119   220000     7bfd 46500250 460a0250 20011736 20010205
 231.016097 CANFD   1 Rx        7e0                                   0 0 8  8 2c 46 8c b3 61 cb 1a 83   222000  115   220000     532c 46500250 460a0250 20011736 20010205
 231.016328 CANFD   1 Rx        7e0                                   0 0 8  8 2d 66 bc a0 d2 6f 25 36   222000  115   220000     4c84 46500250 460a0250 20011736 20010205
 231.016556 CANFD   1 Rx        7e0                                   0 0 8  8 2e e2 68 52 95 77 0c cc   220000  114   220000     6142 46500250 460a0250 20011736 20010205
 231.016790 CANFD   1 Rx        7e0                                   0 0 8  8 2f 03 47 0b bb b9 16 02   226000  117   220000     6bfe 46500250 460a0250 20011736 20010205
 231.017028 CANFD   1 Rx        7e0                                   0 0 8  8 20 22 2f 26 05 55 be 3b   230000  119   220000     7ef8 46500250 460a0250 20011736 20010205
 231.017260 CANFD   1 Rx        7e0                                   0 0 8  8 21 ba c5 28 0b bd b2 92   224000  116   220000     781d 46500250 460a0250 20011736 20010205
 231.017491 CANFD   1 Rx        7e0                                   0 0 8  8 22 5a b4 2b 04 6a b3 5c   222000  115   220000     389a 46500250 460a0250 20011736 20010205
 231.017729 CANFD   1 Rx        7e0                                   0 0 8  8 23 a7 ff d7 c2 31 cf d0   229992  119   220000     4744 46500250 460a0250 20011736 20010205
 231.017959 CANFD   1 Rx        7e0                                   0 0 8  8 24 b5 8b 9e d9 2c 1d ae   222000  115   220000     6125 46500250 460a0250 20011736 20010205
 231.018189 CANFD   1 Rx        7e0                                   0 0 8  8 25 de 5b b0 c2 64 9b 26   222000  115   220000       b2 46500250 460a0250 20011736 20010205
 231.018422 CANFD   1 Rx        7e0                                   0 0 8  8 26 f2 63 ec 9c a3 6a 75   224000  116   220000     57f9 46500250 460a0250 20011736 20010205
 231.018656 CANFD   1 Rx        7e0                                   0 0 8  8 27 0a 93 6d 02 a9 06 09   226000  117   220000     1852 46500250 460a0250 20011736 20010205
 231.018890 CANFD   1 Rx        7e0                                   0 0 8  8 28 9c 3f 36 0e eb 85 67   226000  117   220000     4501 46500250 460a0250 20011736 20010205
 231.019126 CANFD   1 Rx        7e0                                   0 0 8  8 29 07 72 13 57 00 05 82   228000  118   220000     1ce1 46500250 460a0250 20011736 20010205
 231.019356 CANFD   1 Rx        7e0                                   0 0 8  8 2a 4a bf 95 14 7a b8 e2   222000  115   220000     454e 46500250 460a0250 20011736 20010205
 231.019589 CANFD   1 Rx        7e0                                   0 0 8  8 2b ae 2b b1 7b 38 1b b6   224000  116   220000     4f04 46500250 460a0250 20011736 20010205
 231.019823 CANFD   1 Rx        7e0                                   0 0 8  8 2c 0c 9b 8e d2 92 0d be   226000  117   220000     14ef 46500250 460a0250 20011736 20010205
 231.020063 CANFD   1 Rx        7e0                                   0 0 8  8 2d d5 e5 b7 ef dc 7c 21   232000  120   220000     1fdf 46500250 460a0250 20011736 20010205
 231.020293 CANFD   1 Rx        7e0                                   0 0 8  8 2e df db 0b d4 d2 d3 86   222000  115   220000     70cc 46500250 460a0250 20011736 20010205
 231.020527 CANFD   1 Rx        7e0                                   0 0 8  8 2f 42 e2 d4 f1 f8 b3 dd   226000  117   220000     5f07 46500250 460a0250 20011736 20010205
 231.020766 CANFD   1 Rx        7e0                                   0 0 8  8 20 68 6e 83 da 1f cd 16   230000  119   220000     25f6 46500250 460a0250 20011736 20010205
 231.021002 CANFD   1 Rx        7e0                                   0 0 8  8 21 be 81 5b 26 b9 f6 e1   228000  118   220000     7b6c 46500250 460a0250 20011736 20010205
 231.021232 CANFD   1 Rx        7e0                                   0 0 8  8 22 77 b0 6f 77 47 b7 18   222000  115   220000     5157 46500250 460a0250 20011736 20010205
 231.021470 CANFD   1 Rx        7e0                                   0 0 8  8 23 e6 5a 08 88 70 6a 0f   230000  119   220000     73bd 46500250 460a0250 20011736 20010205
 231.021709 CANFD   1 Rx        7e0                                   0 0 8  8 24 ff ca 3b 06 66 5c 0b   230000  119   220000     7b43 46500250 460a0250 20011736 20010205
 231.021943 CANFD   1 Rx        7e0                                   0 0 8  8 25 01 11 ff 9e 65 8f 69   226000  117   220000     5d55 46500250 460a0250 20011736 20010205
 231.031829 CANFD   1 Rx        7e0                                   0 0 8  8 26 ae 62 f8 d3 ff 6b 61   225979  117   200000     13a4 46500250 460a0250 20011736 20010205
 231.032063 CANFD   1 Rx        7e0                                   0 0 8  8 27 45 cf 6c 16 78 e2 0a   226000  117   220000     17d9 46500250 460a0250 20011736 20010205
 231.032298 CANFD   1 Rx        7e0                                   0 0 8  8 28 a0 ee d2 0d d7 54 83   226000  117   220000     5873 46500250 460a0250 20011736 20010205
 231.032530 CANFD   1 Rx        7e0                                   0 0 8  8 29 04 4e c2 b3 03 39 61   224000  116   220000     3909 46500250 460a0250 20011736 20010205
 231.032764 CANFD   1 Rx        7e0                                   0 0 8  8 2a 26 67 a7 f7 16 60 d0   226000  117   220000     33ca 46500250 460a0250 20011736 20010205
 231.032992 CANFD   1 Rx        7e0                                   0 0 8  8 2b 4d 47 69 49 db 77 6e   220000  114   220000     75c5 46500250 460a0250 20011736 20010205
 231.033222 CANFD   1 Rx        7e0                                   0 0 8  8 2c 3e 4a 6a d1 ae dc 5a   222000  115   220000     1265 46500250 460a0250 20011736 20010205
 231.033459 CANFD   1 Rx        7e0                                   0 0 8  8 2d d6 d9 66 0b df 40 f0   228000  118   220000      225 46500250 460a0250 20011736 20010205
 231.033689 CANFD   1 Rx        7e0                                   0 0 8  8 2e 3b d8 37 53 ae bc a9   222000  115   220000      c4a 46500250 460a0250 20011736 20010205
 231.033923 CANFD   1 Rx        7e0                                   0 0 8  8 2f c5 9e bb de 7f cf b2   226000  117   220000     494c 46500250 460a0250 20011736 20010205
 231.034165 CANFD   1 Rx        7e0                                   0 0 8  8 20 47 e9 ff b5 30 1c f2   234000  121   220000     7d5f 46500250 460a0250 20011736 20010205
 231.034393 CANFD   1 Rx        7e0                                   0 0 8  8 21 bd bd 8a c2 ba ca 30   220000  114   220000     6696 46500250 460a0250 20011736 20010205
 231.034624 CANFD   1 Rx        7e0                                   0 0 8  8 22 93 b3 53 a6 a3 b4 24   222000  115   220000     5829 46500250 460a0250 20011736 20010205
 231.034858 CANFD   1 Rx        7e0                                   0 0 8  8 23 05 36 d0 ba 93 06 d7   226000  117   220000     497c 46500250 460a0250 20011736 20010205
 231.035090 CANFD   1 Rx        7e0                                   0 0 8  8 24 cd 29 57 de 54 bf 67   224000  116   220000     3b27 46500250 460a0250 20011736 20010205
 231.035318 CANFD   1 Rx        7e0                                   0 0 8  8 25 d9 23 2e 7a 66 b3 b8   220000  114   220000     34e6 46500250 460a0250 20011736 20010205
 231.035549 CANFD   1 Rx        7e0                                   0 0 8  8 26 4a 61 c4 02 1b 68 5d   222000  115   220000     1ada 46500250 460a0250 20011736 20010205
 231.035781 CANFD   1 Rx        7e0                                   0 0 8  8 27 94 2b 6f 2a 37 be 0b   224000  116   220000      f08 46500250 460a0250 20011736 20010205
 231.036013 CANFD   1 Rx        7e0                                   0 0 8  8 28 b4 a1 8e 0c c3 1b df   224000  116   220000     535d 46500250 460a0250 20011736 20010205
 231.036247 CANFD   1 Rx        7e0                                   0 0 8  8 29 05 5a 8d ef 02 2d 00   226000  117   220000     4865 46500250 460a0250 20011736 20010205
 231.036489 CANFD   1 Rx        7e0                                   0 0 8  8 2a 00 80 3f 5b 41 88 3f   234000  121   220000     1fba 46500250 460a0250 20011736 20010205
 231.036726 CANFD   1 Rx        7e0                                   0 0 8  8 2b 02 0b 91 3f c1 65 9a   228000  118   220000     59b3 46500250 460a0250 20011736 20010205
 231.036964 CANFD   1 Rx        7e0                                   0 0 8  8 2c 3f f2 5a a4 3f 8c f4   230000  119   220000     7c0d 46500250 460a0250 20011736 20010205
 231.037196 CANFD   1 Rx        7e0                                   0 0 8  8 2d ae 3f 29 3d ba 3f 12   224000  116   220000     3586 46500250 460a0250 20011736 20010205
 231.037432 CANFD   1 Rx        7e0                                   0 0 8  8 2e 40 c6 3f 4c 09 d3 3f   228000  118   220000     42d8 46500250 460a0250 20011736 20010205
 231.037670 CANFD   1 Rx        7e0                                   0 0 8  8 2f a2 a5 e0 3f af 22 ef   230000  119   220000     6c1c 46500250 460a0250 20011736 20010205
 231.037915 CANFD   1 Rx        7e0                                   0 0 8  8 20 3f f3 8e fe 3f 00 00   236000  122   220000      85c 46500250 460a0250 20011736 20010205
 231.038161 CANFD   1 Rx        7e0                                   0 0 8  8 21 00 00 00 00 80 3f 00   238000  123   220000     4de8 46500250 460a0250 20011736 20010205
 231.038409 CANFD   1 Rx        7e0                                   0 0 8  8 22 00 80 3f 00 00 00 00   239992  124   220000     3069 46500250 460a0250 20011736 20010205
 231.038659 CANFD   1 Rx        7e0                                   0 0 8  8 23 00 00 06 00 00 00 00   242000  125   220000     4320 46500250 460a0250 20011736 20010205
 231.038908 CANFD   1 Rx        7e0                                   0 0 8  8 24 00 00 00 80 3f 00 00   240000  124   220000     6dcb 46500250 460a0250 20011736 20010205
 231.039156 CANFD   1 Rx        7e0                                   0 0 8  8 25 80 3f 00 00 00 00 00   240000  124   220000     1e43 46500250 460a0250 20011736 20010205
 231.039404 CANFD   1 Rx        7e0                                   0 0 8  8 26 00 07 00 00 00 00 00   240000  124   220000     4264 46500250 460a0250 20011736 20010205
 231.039652 CANFD   1 Rx        7e0                                   0 0 8  8 27 00 00 80 3f 00 00 80   240000  124   220000     606b 46500250 460a0250 20011736 20010205
 231.039904 CANFD   1 Rx        7e0                                   0 0 8  8 28 3f 00 00 00 00 00 00   244000  126   220000     27f8 46500250 460a0250 20011736 20010205
 231.040153 CANFD   1 Rx        7e0                                   0 0 8  8 29 08 00 00 00 00 00 00   240000  124   220000     72a1 46500250 460a0250 20011736 20010205
 231.040401 CANFD   1 Rx        7e0                                   0 0 8  8 2a 00 80 3f 00 00 80 3f   240000  124   220000     7df6 46500250 460a0250 20011736 20010205
 231.040647 CANFD   1 Rx        7e0                                   0 0 8  8 2b 00 00 00 00 01 00 09   238000  123   220000     38a7 46500250 460a0250 20011736 20010205
 231.040885 CANFD   1 Rx        7e0                                   0 0 8  8 2c 00 66 b6 2a c5 00 00   230000  119   220000     3b8c 46500250 460a0250 20011736 20010205
 231.041133 CANFD   1 Rx        7e0                                   0 0 8  8 2d 80 3f 00 00 80 3f 00   240000  124   220000     417f 46500250 460a0250 20011736 20010205
 231.041384 CANFD   1 Rx        7e0                                   0 0 8  8 2e 00 00 00 00 00 0a 00   242000  125   220000      85c 46500250 460a0250 20011736 20010205
 231.041632 CANFD   1 Rx        7e0                                   0 0 8  8 2f 00 00 00 00 00 00 80   240000  124   220000     4955 46500250 460a0250 20011736 20010205
 231.041880 CANFD   1 Rx        7e0                                   0 0 8  8 20 3f 00 00 80 3f 00 00   240000  124   220000     1dbc 46500250 460a0250 20011736 20010205
 231.042126 CANFD   1 Rx        7e0                                   0 0 8  8 21 00 00 01 00 0b 00 00   238000  123   220000     5712 46500250 460a0250 20011736 20010205
 231.042377 CANFD   1 Rx        7e0                                   0 0 8  8 22 00 00 00 00 00 80 3f   242000  125   220000     6382 46500250 460a0250 20011736 20010205
 231.042625 CANFD   1 Rx        7e0                                   0 0 8  8 23 00 00 80 3f 00 00 00   240000  124   220000     5013 46500250 460a0250 20011736 20010205
 231.042873 CANFD   1 Rx        7e0                                   0 0 8  8 24 00 01 00 0c 00 00 00   240000  124   220000     24cc 46500250 460a0250 20011736 20010205
 231.043123 CANFD   1 Rx        7e0                                   0 0 8  8 25 00 00 00 00 80 3f 00   242000  125   220000     5f83 46500250 460a0250 20011736 20010205
 231.043371 CANFD   1 Rx        7e0                                   0 0 8  8 26 00 80 3f 00 00 00 00   239991  124   220000     2202 46500250 460a0250 20011736 20010205
 231.052600 CANFD   1 Rx        7e0                                   0 0 8  8 27 01 00 0d 00 00 00 00   239979  124   200000     63bf 46500250 460a0250 20011736 20010205
 231.052848 CANFD   1 Rx        7e0                                   0 0 8  8 28 00 00 00 80 3f 00 00   240000  124   220000     5b76 46500250 460a0250 20011736 20010205
 231.053094 CANFD   1 Rx        7e0                                   0 0 8  8 29 80 3f 00 00 00 00 01   238000  123   220000     6d67 46500250 460a0250 20011736 20010205
 231.053344 CANFD   1 Rx        7e0                                   0 0 8  8 2a 00 0e 00 00 00 00 00   242000  125   220000     5e0c 46500250 460a0250 20011736 20010205
 231.053591 CANFD   1 Rx        7e0                                   0 0 8  8 2b 00 00 80 3f 00 00 80   238000  123   220000     56d6 46500250 460a0250 20011736 20010205
 231.053837 CANFD   1 Rx        7e0                                   0 0 8  8 2c 3f 00 00 00 00 01 00   238000  123   220000     71b5 46500250 460a0250 20011736 20010205
 231.054083 CANFD   1 Rx        7e0                                   0 0 8  8 2d 0f 00 00 00 00 00 00   238000  123   220000     6d36 46500250 460a0250 20011736 20010205
 231.054353 CANFD   1 Rx        7e0                                   0 0 8  8 2e 00 80 3f 00 00 80 3f   238000  123   200000     6f9d 46500250 460a0250 20011736 20010205
 231.054601 CANFD   1 Rx        7e0                                   0 0 8  8 2f 00 00 00 00 01 00 10   240000  124   220000     36c5 46500250 460a0250 20011736 20010205
 231.054854 CANFD   1 Rx        7e0                                   0 0 8  8 20 00 00 00 00 00 00 00   244000  126   220000     6132 46500250 460a0250 20011736 20010205
 231.055102 CANFD   1 Rx        7e0                                   0 0 8  8 21 80 3f 00 00 80 3f 00   240000  124   220000     77c2 46500250 460a0250 20011736 20010205
 231.055348 CANFD   1 Rx        7e0                                   0 0 8  8 22 00 00 00 01 00 11 00   238000  123   220000     6672 46500250 460a0250 20011736 20010205
 231.055600 CANFD   1 Rx        7e0                                   0 0 8  8 23 00 00 00 00 00 00 80   244000  126   220000     7fe8 46500250 460a0250 20011736 20010205
 231.055849 CANFD   1 Rx        7e0                                   0 0 8  8 24 3f 00 00 80 3f 00 00   240000  124   220000      fd7 46500250 460a0250 20011736 20010205
 231.056097 CANFD   1 Rx        7e0                                   0 0 8  8 25 00 00 01 00 12 00 00   240000  124   220000      513 46500250 460a0250 20011736 20010205
 231.056345 CANFD   1 Rx        7e0                                   0 0 8  8 26 00 00 00 00 00 80 3f   240000  124   220000     71e9 46500250 460a0250 20011736 20010205
 231.056591 CANFD   1 Rx        7e0                                   0 0 8  8 27 00 00 80 3f 00 00 00   238000  123   220000     4278 46500250 460a0250 20011736 20010205
 231.056839 CANFD   1 Rx        7e0                                   0 0 8  8 28 00 01 00 13 00 00 00   240000  124   220000     1c72 46500250 460a0250 20011736 20010205
 231.057088 CANFD   1 Rx        7e0                                   0 0 8  8 29 00 00 00 00 80 3f 00   240000  124   220000     693e 46500250 460a0250 20011736 20010205
 231.057336 CANFD   1 Rx        7e0                                   0 0 8  8 2a 00 80 3f 00 00 00 00   239991  124   220000     14bf 46500250 460a0250 20011736 20010205
 231.057588 CANFD   1 Rx        7e0                                   0 0 8  8 2b 00 00 14 00 00 00 00   244000  126   220000     3ff7 46500250 460a0250 20011736 20010205
 231.057836 CANFD   1 Rx        7e0                                   0 0 8  8 2c 00 00 00 80 3f 00 00   240000  124   220000     491d 46500250 460a0250 20011736 20010205
 231.058085 CANFD   1 Rx        7e0                                   0 0 8  8 2d 80 3f 00 00 00 00 00   240000  124   220000     3a95 46500250 460a0250 20011736 20010205
 231.058333 CANFD   1 Rx        7e0                                   0 0 8  8 2e 00 15 00 00 00 00 00   240000  124   220000     3318 46500250 460a0250 20011736 20010205
 231.058579 CANFD   1 Rx        7e0                                   0 0 8  8 2f 00 00 80 3f 00 00 80   238000  123   220000     44bd 46500250 460a0250 20011736 20010205
 231.058831 CANFD   1 Rx        7e0                                   0 0 8  8 20 3f 00 00 00 00 00 00   244000  126   220000      32e 46500250 460a0250 20011736 20010205
 231.059079 CANFD   1 Rx        7e0                                   0 0 8  8 21 16 00 00 00 00 00 00   240000  124   220000     48fc 46500250 460a0250 20011736 20010205
 231.059326 CANFD   1 Rx        7e0                                   0 0 8  8 22 00 80 3f 00 00 80 3f   238000  123   220000     5920 46500250 460a0250 20011736 20010205
 231.059574 CANFD   1 Rx        7e0                                   0 0 8  8 23 00 00 00 00 00 00 17   240000  124   220000     2391 46500250 460a0250 20011736 20010205
 231.059824 CANFD   1 Rx        7e0                                   0 0 8  8 24 00 00 00 00 00 00 00   242000  125   220000     7359 46500250 460a0250 20011736 20010205
 231.060068 CANFD   1 Rx        7e0                                   0 0 8  8 25 80 3f 00 00 80 3f 00   236000  122   220000     65a9 46500250 460a0250 20011736 20010205
 231.060318 CANFD   1 Rx        7e0                                   0 0 8  8 26 00 00 00 01 00 18 00   242000  125   220000     49c0 46500250 460a0250 20011736 20010205
 231.060569 CANFD   1 Rx        7e0                                   0 0 8  8 27 00 00 00 00 00 00 80   242000  125   220000     6d83 46500250 460a0250 20011736 20010205
 231.060817 CANFD   1 Rx        7e0                                   0 0 8  8 28 3f 00 00 80 3f 00 00   240000  124   220000     396a 46500250 460a0250 20011736 20010205
 231.061067 CANFD   1 Rx        7e0                                   0 0 8  8 29 00 00 00 00 19 00 00   242000  125   220000     52be 46500250 460a0250 20011736 20010205
 231.061315 CANFD   1 Rx        7e0                                   0 0 8  8 2a 00 00 00 00 00 80 3f   240000  124   220000     4754 46500250 460a0250 20011736 20010205
 231.061562 CANFD   1 Rx        7e0                                   0 0 8  8 2b 00 00 80 3f 00 00 00   238000  123   220000     74c5 46500250 460a0250 20011736 20010205
 231.061810 CANFD   1 Rx        7e0                                   0 0 8  8 2c 00 00 00 1a 00 00 00   240000  124   220000     3c94 46500250 460a0250 20011736 20010205
 231.062056 CANFD   1 Rx        7e0                                   0 0 8  8 2d 00 00 00 00 80 3f 00   238000  123   220000     7b55 46500250 460a0250 20011736 20010205
 231.062304 CANFD   1 Rx        7e0                                   0 0 8  8 2e 00 80 3f 00 00 00 00   239992  124   220000      6d4 46500250 460a0250 20011736 20010205
 231.062554 CANFD   1 Rx        7e0                                   0 0 8  8 2f 01 00 1b 00 00 00 00   242000  125   220000      bfa 46500250 460a0250 20011736 20010205
 231.062807 CANFD   1 Rx        7e0                                   0 0 8  8 20 00 00 00 80 3f 00 00   244000  126   220000     7fa0 46500250 460a0250 20011736 20010205
 231.063053 CANFD   1 Rx        7e0                                   0 0 8  8 21 80 3f 00 00 00 00 01   238000  123   220000     49b1 46500250 460a0250 20011736 20010205
 231.071765 CANFD   1 Rx        7e0                                   0 0 8  8 22 00 1c 00 00 00 00 00   240000  124   200000     2f70 46500250 460a0250 20011736 20010205
 231.072013 CANFD   1 Rx        7e0                                   0 0 8  8 23 00 00 80 3f 00 00 80   240000  124   220000     7200 46500250 460a0250 20011736 20010205
 231.072260 CANFD   1 Rx        7e0                                   0 0 8  8 24 3f 00 00 00 00 01 00   237992  123   220000     5563 46500250 460a0250 20011736 20010205
 231.072506 CANFD   1 Rx        7e0                                   0 0 8  8 25 1d 00 00 00 00 00 00   238000  123   220000     65e8 46500250 460a0250 20011736 20010205
 231.072750 CANFD   1 Rx        7e0                                   0 0 8  8 26 00 80 3f 00 00 80 3f   236000  122   220000     4b4b 46500250 460a0250 20011736 20010205
 231.072998 CANFD   1 Rx        7e0                                   0 0 8  8 27 00 00 00 00 01 00 1e   240000  124   220000     7070 46500250 460a0250 20011736 20010205
 231.073556 CANFD   1 Rx        7e0                                   0 0 8  8 28 00 00 00 00 00 00 00   241979  125   200000     45e4 46500250 460a0250 20011736 20010205
 231.073801 CANFD   1 Rx        7e0                                   0 0 8  8 29 80 3f 00 00 80 3f 00   236000  122   220000     5314 46500250 460a0250 20011736 20010205
 231.074051 CANFD   1 Rx        7e0                                   0 0 8  8 2a 00 00 00 01 00 1f 00   242000  125   220000     28bd 46500250 460a0250 20011736 20010205
 231.074301 CANFD   1 Rx        7e0                                   0 0 8  8 2b 00 00 00 00 00 00 80   241991  125   220000     5b3e 46500250 460a0250 20011736 20010205
 231.074549 CANFD   1 Rx        7e0                                   0 0 8  8 2c 3f 00 00 80 3f 00 00   240000  124   220000     2b01 46500250 460a0250 20011736 20010205
 231.074798 CANFD   1 Rx        7e0                                   0 0 8  8 2d 00 00 01 00 20 00 00   240000  124   220000     6488 46500250 460a0250 20011736 20010205
 231.075048 CANFD   1 Rx        7e0                                   0 0 8  8 2e 00 00 00 00 00 80 3f   242000  125   220000     553f 46500250 460a0250 20011736 20010205
 231.075294 CANFD   1 Rx        7e0                                   0 0 8  8 2f 00 00 80 3f 00 00 00   238000  123   220000     66ae 46500250 460a0250 20011736 20010205
 231.075542 CANFD   1 Rx        7e0                                   0 0 8  8 20 00 01 00 21 00 00 00   240000  124   220000     6d1b 46500250 460a0250 20011736 20010205
 231.075788 CANFD   1 Rx        7e0                                   0 0 8  8 21 00 00 00 00 80 3f 00   238000  123   220000     4de8 46500250 460a0250 20011736 20010205
 231.076037 CANFD   1 Rx        7e0                                   0 0 8  8 22 00 80 3f 00 00 00 00   239992  124   220000     3069 46500250 460a0250 20011736 20010205
 231.076285 CANFD   1 Rx        7e0                                   0 0 8  8 23 01 00 22 00 00 00 00   240000  124   220000     40ca 46500250 460a0250 20011736 20010205
 231.076533 CANFD   1 Rx        7e0                                   0 0 8  8 24 00 00 00 80 3f 00 00   240000  124   220000     6dcb 46500250 460a0250 20011736 20010205
 231.076779 CANFD   1 Rx        7e0                                   0 0 8  8 25 80 3f 00 00 00 00 01   238000  123   220000     5bda 46500250 460a0250 20011736 20010205
 231.077027 CANFD   1 Rx        7e0                                   0 0 8  8 26 00 23 00 00 00 00 00   240000  124   220000     2ca9 46500250 460a0250 20011736 20010205
 231.077276 CANFD   1 Rx        7e0                                   0 0 8  8 27 00 00 80 3f 00 00 80   240000  124   220000     606b 46500250 460a0250 20011736 20010205
 231.077524 CANFD   1 Rx        7e0                                   0 0 8  8 28 3f 00 00 00 00 01 00   240000  124   220000     63de 46500250 460a0250 20011736 20010205
 231.077772 CANFD   1 Rx        7e0                                   0 0 8  8 29 24 00 00 00 00 00 00   240000  124   220000     4ac4 46500250 460a0250 20011736 20010205
 231.078020 CANFD   1 Rx        7e0                                   0 0 8  8 2a 00 80 3f 00 00 80 3f   240000  124   220000     7df6 46500250 460a0250 20011736 20010205
 231.078269 CANFD   1 Rx        7e0                                   0 0 8  8 2b 00 00 00 00 01 00 25   240000  124   220000     4f41 46500250 460a0250 20011736 20010205
 231.078519 CANFD   1 Rx        7e0                                   0 0 8  8 2c 00 00 00 00 00 00 00   242000  125   220000     578f 46500250 460a0250 20011736 20010205
 231.078767 CANFD   1 Rx        7e0                                   0 0 8  8 2d 80 3f 00 00 80 3f 00   240000  124   220000     417f 46500250 460a0250 20011736 20010205
 231.079013 CANFD   1 Rx        7e0                                   0 0 8  8 2e 00 00 00 01 00 26 00   238000  123   220000     5da6 46500250 460a0250 20011736 20010205
 231.079261 CANFD   1 Rx        7e0                                   0 0 8  8 2f 00 00 00 00 00 00 80   239992  124   220000     4955 46500250 460a0250 20011736 20010205
 231.079510 CANFD   1 Rx        7e0                                   0 0 8  8 20 3f 00 00 80 3f 00 00   240000  124   220000     1dbc 46500250 460a0250 20011736 20010205
 231.079756 CANFD   1 Rx        7e0                                   0 0 8  8 21 00 00 01 00 27 00 00   238000  123   220000     4cf2 46500250 460a0250 20011736 20010205
 231.080006 CANFD   1 Rx        7e0                                   0 0 8  8 22 00 00 00 00 00 80 3f   242000  125   220000     6382 46500250 460a0250 20011736 20010205
 231.080254 CANFD   1 Rx        7e0                                   0 0 8  8 23 00 00 80 3f 00 00 00   240000  124   220000     5013 46500250 460a0250 20011736 20010205
 231.080502 CANFD   1 Rx        7e0                                   0 0 8  8 24 00 01 00 28 00 00 00   240000  124   220000     53d1 46500250 460a0250 20011736 20010205
 231.080753 CANFD   1 Rx        7e0                                   0 0 8  8 25 00 00 00 00 80 3f 00   242000  125   220000     5f83 46500250 460a0250 20011736 20010205
 231.081001 CANFD   1 Rx        7e0                                   0 0 8  8 26 00 80 3f 00 00 00 00   239991  124   220000     2202 46500250 460a0250 20011736 20010205
 231.081247 CANFD   1 Rx        7e0                                   0 0 8  8 27 01 00 29 00 00 00 00   238000  123   220000     1624 46500250 460a0250 20011736 20010205
 231.081495 CANFD   1 Rx        7e0                                   0 0 8  8 28 00 00 00 80 3f 00 00   240000  124   220000     5b76 46500250 460a0250 20011736 20010205
 231.081742 CANFD   1 Rx        7e0                                   0 0 8  8 29 80 3f 00 00 00 00 01   238000  123   220000     6d67 46500250 460a0250 20011736 20010205
 231.081992 CANFD   1 Rx        7e0                                   0 0 8  8 2a 00 2a 00 00 00 00 00   242000  125   220000     30c1 46500250 460a0250 20011736 20010205
 231.082238 CANFD   1 Rx        7e0                                   0 0 8  8 2b 00 00 80 3f 00 00 80   238000  123   220000     56d6 46500250 460a0250 20011736 20010205
 231.082484 CANFD   1 Rx        7e0                                   0 0 8  8 2c 3f 00 00 00 00 01 00   238000  123   220000     71b5 46500250 460a0250 20011736 20010205
 231.082730 CANFD   1 Rx        7e0                                   0 0 8  8 2d 2b 00 00 00 00 00 00   238000  123   220000     3526 46500250 460a0250 20011736 20010205
 231.082977 CANFD   1 Rx        7e0                                   0 0 8  8 2e 00 80 3f 00 00 80 3f   238000  123   220000     6f9d 46500250 460a0250 20011736 20010205
 231.083223 CANFD   1 Rx        7e0                                   0 0 8  8 2f 00 00 00 00 01 00 2c   238000  123   220000     6cb4 46500250 460a0250 20011736 20010205
 231.083475 CANFD   1 Rx        7e0                                   0 0 8  8 20 00 00 00 00 00 00 00   244000  126   220000     6132 46500250 460a0250 20011736 20010205
 231.083723 CANFD   1 Rx        7e0                                   0 0 8  8 21 80 3f 00 00 80 3f 00   240000  124   220000     77c2 46500250 460a0250 20011736 20010205
 231.089226 CANFD   1 Rx        7e0                                   0 0 8  8 22 00 00 00 01 00 2d 00   239992  124   200000     1b17 46500250 460a0250 20011736 20010205
 231.089478 CANFD   1 Rx        7e0                                   0 0 8  8 23 00 00 00 00 00 00 80   244000  126   220000     7fe8 46500250 460a0250 20011736 20010205
 231.089726 CANFD   1 Rx        7e0                                   0 0 8  8 24 3f 00 00 80 3f 00 00   240000  124   220000      fd7 46500250 460a0250 20011736 20010205
 231.089974 CANFD   1 Rx        7e0                                   0 0 8  8 25 00 00 01 00 2e 00 00   240000  124   220000     7dd0 46500250 460a0250 20011736 20010205
 231.090222 CANFD   1 Rx        7e0                                   0 0 8  8 26 00 00 00 00 00 80 3f   239992  124   220000     71e9 46500250 460a0250 20011736 20010205
 231.090469 CANFD   1 Rx        7e0                                   0 0 8  8 27 00 00 80 3f 00 00 00   238000  123   220000     4278 46500250 460a0250 20011736 20010205
 231.090719 CANFD   1 Rx        7e0                                   0 0 8  8 28 00 01 00 2f 00 00 00   242000  125   220000     3d84 46500250 460a0250 20011736 20010205
 231.090967 CANFD   1 Rx        7e0                                   0 0 8  8 29 00 00 00 00 80 3f 00   240000  124   220000     693e 46500250 460a0250 20011736 20010205
 231.091215 CANFD   1 Rx        7e0                                   0 0 8  8 2a 00 80 3f 00 00 00 00   240000  124   220000     14bf 46500250 460a0250 20011736 20010205
 231.091464 CANFD   1 Rx        7e0                                   0 0 8  8 2b 00 00 30 00 00 00 00   240000  124   220000     4a6c 46500250 460a0250 20011736 20010205
 231.091712 CANFD   1 Rx        7e0                                   0 0 8  8 2c 00 00 00 80 3f 00 00   240000  124   220000     491d 46500250 460a0250 20011736 20010205
 231.091960 CANFD   1 Rx        7e0                                   0 0 8  8 2d 80 3f 00 00 00 00 01   240000  124   220000     7f0c 46500250 460a0250 20011736 20010205
 231.092208 CANFD   1 Rx        7e0                                   0 0 8  8 2e 00 31 00 00 00 00 00   240000  124   220000     5dd5 46500250 460a0250 20011736 20010205
 231.092454 CANFD   1 Rx        7e0                                   0 0 8  8 2f 00 00 80 3f 00 00 80   238000  123   220000     44bd 46500250 460a0250 20011736 20010205
 231.092793 CANFD   1 Rx        7e0                                   0 0 8  8 20 3f 00 00 00 00 01 00   239979  124   200000     4708 46500250 460a0250 20011736 20010205
 231.093041 CANFD   1 Rx        7e0                                   0 0 8  8 21 32 00 00 00 00 00 00   240000  124   220000     10ec 46500250 460a0250 20011736 20010205
 231.093287 CANFD   1 Rx        7e0                                   0 0 8  8 22 00 80 3f 00 00 80 3f   238000  123   220000     5920 46500250 460a0250 20011736 20010205
 231.093535 CANFD   1 Rx        7e0                                   0 0 8  8 23 00 00 00 00 01 00 33   240000  124   220000     5064 46500250 460a0250 20011736 20010205
 231.093785 CANFD   1 Rx        7e0                                   0 0 8  8 24 00 00 00 00 00 00 00   242000  125   220000     7359 46500250 460a0250 20011736 20010205
 231.094030 CANFD   1 Rx        7e0                                   0 0 8  8 25 80 3f 00 00 80 3f 00   236000  122   220000     65a9 46500250 460a0250 20011736 20010205
 231.094280 CANFD   1 Rx        7e0                                   0 0 8  8 26 00 00 00 01 00 34 00   242000  125   220000      2c2 46500250 460a0250 20011736 20010205
 231.094530 CANFD   1 Rx        7e0                                   0 0 8  8 27 00 00 00 00 00 00 80   242000  125   220000     6d83 46500250 460a0250 20011736 20010205
 231.094778 CANFD   1 Rx        7e0                                   0 0 8  8 28 3f 00 00 80 3f 00 00   240000  124   220000     396a 46500250 460a0250 20011736 20010205
 231.095025 CANFD   1 Rx        7e0                                   0 0 8  8 29 00 00 01 00 35 00 00   238000  123   220000     2eb6 46500250 460a0250 20011736 20010205
 231.095273 CANFD   1 Rx        7e0                                   0 0 8  8 2a 00 00 00 00 00 80 3f   240000  124   220000     4754 46500250 460a0250 20011736 20010205
 231.095519 CANFD   1 Rx        7e0                                   0 0 8  8 2b 00 00 80 3f 00 00 00   238000  123   220000     74c5 46500250 460a0250 20011736 20010205
 231.095769 CANFD   1 Rx        7e0                                   0 0 8  8 2c 00 01 00 36 00 00 00   242000  125   220000     67fc 46500250 460a0250 20011736 20010205
 231.096015 CANFD   1 Rx        7e0                                   0 0 8  8 2d 00 00 00 00 80 3f 00   238000  123   220000     7b55 46500250 460a0250 20011736 20010205
 231.096264 CANFD   1 Rx        7e0                                   0 0 8  8 2e 00 80 3f 00 00 00 00   240000  124   220000      6d4 46500250 460a0250 20011736 20010205
 231.096510 CANFD   1 Rx        7e0                                   0 0 8  8 2f 01 00 37 00 00 00 00   238000  123   220000     5745 46500250 460a0250 20011736 20010205
 231.096762 CANFD   1 Rx        7e0                                   0 0 8  8 20 00 00 00 80 3f 00 00   244000  126   220000     7fa0 46500250 460a0250 20011736 20010205
 231.097008 CANFD   1 Rx        7e0                                   0 0 8  8 21 80 3f 00 00 00 00 01   238000  123   220000     49b1 46500250 460a0250 20011736 20010205
 231.097258 CANFD   1 Rx        7e0                                   0 0 8  8 22 00 38 00 00 00 00 00   242000  125   220000     41bd 46500250 460a0250 20011736 20010205
 231.097507 CANFD   1 Rx        7e0                                   0 0 8  8 23 00 00 80 3f 00 00 80   240000  124   220000     7200 46500250 460a0250 20011736 20010205
 231.097753 CANFD   1 Rx        7e0                                   0 0 8  8 24 3f 00 00 00 00 01 00   238000  123   220000     5563 46500250 460a0250 20011736 20010205
 231.098001 CANFD   1 Rx        7e0                                   0 0 8  8 25 39 00 00 00 00 00 00   240000  124   220000     3df8 46500250 460a0250 20011736 20010205
 231.098245 CANFD   1 Rx        7e0                                   0 0 8  8 26 00 80 3f 00 00 80 3f   236000  122   220000     4b4b 46500250 460a0250 20011736 20010205
 231.098492 CANFD   1 Rx        7e0                                   0 0 8  8 27 00 00 00 00 01 00 3a   238000  123   220000     7391 46500250 460a0250 20011736 20010205
 231.098742 CANFD   1 Rx        7e0                                   0 0 8  8 28 00 00 00 00 00 00 00   242000  125   220000     45e4 46500250 460a0250 20011736 20010205
 231.098986 CANFD   1 Rx        7e0                                   0 0 8  8 29 80 3f 00 00 80 3f 00   236000  122   220000     5314 46500250 460a0250 20011736 20010205
 231.099236 CANFD   1 Rx        7e0                                   0 0 8  8 2a 00 00 00 01 00 3b 00   242000  125   220000     1a40 46500250 460a0250 20011736 20010205
 231.099476 CANFD   1 Rx        7e0                                   0 0 8  8 2b 66 b6 2a c5 00 00 80   232000  120   220000     5078 46500250 460a0250 20011736 20010205
 231.099725 CANFD   1 Rx        7e0                                   0 0 8  8 2c 3f 00 00 80 3f 00 00   239992  124   220000     2b01 46500250 460a0250 20011736 20010205
 231.099973 CANFD   1 Rx        7e0                                   0 0 8  8 2d 00 00 00 00 3c 00 00   240000  124   220000     787c 46500250 460a0250 20011736 20010205
 231.100223 CANFD   1 Rx        7e0                                   0 0 8  8 2e 00 00 00 00 00 80 3f   242000  125   220000     553f 46500250 460a0250 20011736 20010205
 231.100469 CANFD   1 Rx        7e0                                   0 0 8  8 2f 00 00 80 3f 00 00 00   238000  123   220000     66ae 46500250 460a0250 20011736 20010205
 231.100721 CANFD   1 Rx        7e0                                   0 0 8  8 20 00 01 00 3d 00 00 00   244000  126   220000     4010 46500250 460a0250 20011736 20010205
 231.100968 CANFD   1 Rx        7e0                                   0 0 8  8 21 00 00 00 00 80 3f 00   238000  123   220000     4de8 46500250 460a0250 20011736 20010205
 231.101216 CANFD   1 Rx        7e0                                   0 0 8  8 22 00 80 3f 00 00 00 00   240000  124   220000     3069 46500250 460a0250 20011736 20010205
 231.101464 CANFD   1 Rx        7e0                                   0 0 8  8 23 01 00 3e 00 00 00 00   240000  124   220000     2f34 46500250 460a0250 20011736 20010205
 231.101712 CANFD   1 Rx        7e0                                   0 0 8  8 24 00 00 00 80 3f 00 00   240000  124   220000     6dcb 46500250 460a0250 20011736 20010205
 231.101959 CANFD   1 Rx        7e0                                   0 0 8  8 25 80 3f 00 00 00 00 01   238000  123   220000     5bda 46500250 460a0250 20011736 20010205
 231.102209 CANFD   1 Rx        7e0                                   0 0 8  8 26 00 3f 00 00 00 00 00   242000  125   220000      912 46500250 460a0250 20011736 20010205
 231.102457 CANFD   1 Rx        7e0                                   0 0 8  8 27 00 00 80 3f 00 00 80   240000  124   220000     606b 46500250 460a0250 20011736 20010205
 231.102705 CANFD   1 Rx        7e0                                   0 0 8  8 28 3f 00 00 00 00 01 00   240000  124   220000     63de 46500250 460a0250 20011736 20010205
 231.102955 CANFD   1 Rx        7e0                                   0 0 8  8 29 40 00 00 00 00 00 00   242000  125   220000      718 46500250 460a0250 20011736 20010205
 231.103204 CANFD   1 Rx        7e0                                   0 0 8  8 2a 00 80 3f 00 00 80 3f   240000  124   220000     7df6 46500250 460a0250 20011736 20010205
 231.103452 CANFD   1 Rx        7e0                                   0 0 8  8 2b 00 00 00 00 01 00 41   240000  124   220000     3f65 46500250 460a0250 20011736 20010205
 231.103702 CANFD   1 Rx        7e0                                   0 0 8  8 2c 00 00 00 00 00 00 00   242000  125   220000     578f 46500250 460a0250 20011736 20010205
 231.103950 CANFD   1 Rx        7e0                                   0 0 8  8 2d 80 3f 00 00 80 3f 00   240000  124   220000     417f 46500250 460a0250 20011736 20010205
 231.104195 CANFD   1 Rx        7e0                                   0 0 8  8 2e 00 00 00 01 00 42 00   236000  122   220000     735e 46500250 460a0250 20011736 20010205
 231.104443 CANFD   1 Rx        7e0                                   0 0 8  8 2f 00 00 00 00 00 00 80   240000  124   220000     4955 46500250 460a0250 20011736 20010205
 231.104691 CANFD   1 Rx        7e0                                   0 0 8  8 20 3f 00 00 80 3f 00 00   239991  124   220000     1dbc 46500250 460a0250 20011736 20010205
 231.104939 CANFD   1 Rx        7e0                                   0 0 8  8 21 00 00 01 00 43 00 00   240000  124   220000      3f1 46500250 460a0250 20011736 20010205
 231.105189 CANFD   1 Rx        7e0                                   0 0 8  8 22 00 00 00 00 00 80 3f   242000  125   220000     6382 46500250 460a0250 20011736 20010205
 231.105438 CANFD   1 Rx        7e0                                   0 0 8  8 23 00 00 80 3f 00 00 00   240000  124   220000     5013 46500250 460a0250 20011736 20010205
 231.105686 CANFD   1 Rx        7e0                                   0 0 8  8 24 00 00 00 44 00 00 00   240000  124   220000     1143 46500250 460a0250 20011736 20010205
 231.105936 CANFD   1 Rx        7e0                                   0 0 8  8 25 00 00 00 00 80 3f 00   242000  125   220000     5f83 46500250 460a0250 20011736 20010205
 231.106184 CANFD   1 Rx        7e0                                   0 0 8  8 26 00 80 3f 00 00 00 00   240000  124   220000     2202 46500250 460a0250 20011736 20010205
 231.106428 CANFD   1 Rx        7e0                                   0 0 8  8 27 01 00 45 00 00 00 00   236000  122   220000     4d10 46500250 460a0250 20011736 20010205
 231.106677 CANFD   1 Rx        7e0                                   0 0 8  8 28 00 00 00 80 3f 00 00   240000  124   220000     5b76 46500250 460a0250 20011736 20010205
 231.106923 CANFD   1 Rx        7e0                                   0 0 8  8 29 80 3f 00 00 00 00 01   238000  123   220000     6d67 46500250 460a0250 20011736 20010205
 231.107175 CANFD   1 Rx        7e0                                   0 0 8  8 2a 00 46 00 00 00 00 00   244000  126   220000     460f 46500250 460a0250 20011736 20010205
 231.107421 CANFD   1 Rx        7e0                                   0 0 8  8 2b 00 00 80 3f 00 00 80   238000  123   220000     56d6 46500250 460a0250 20011736 20010205
 231.107668 CANFD   1 Rx        7e0                                   0 0 8  8 2c 3f 00 00 00 00 01 00   238000  123   220000     71b5 46500250 460a0250 20011736 20010205
 231.107916 CANFD   1 Rx        7e0                                   0 0 8  8 2d 47 00 00 00 00 00 00   240000  124   220000     188f 46500250 460a0250 20011736 20010205
 231.108162 CANFD   1 Rx        7e0                                   0 0 8  8 2e 00 80 3f 00 00 80 3f   238000  123   220000     6f9d 46500250 460a0250 20011736 20010205
 231.108408 CANFD   1 Rx        7e0                                   0 0 8  8 2f 00 00 00 00 01 00 48   238000  123   220000     1c90 46500250 460a0250 20011736 20010205
 231.108660 CANFD   1 Rx        7e0                                   0 0 8  8 20 00 00 00 00 00 00 00   244000  126   220000     6132 46500250 460a0250 20011736 20010205
 231.108909 CANFD   1 Rx        7e0                                   0 0 8  8 21 80 3f 00 00 80 3f 00   240000  124   220000     77c2 46500250 460a0250 20011736 20010205
 231.109153 CANFD   1 Rx        7e0                                   0 0 8  8 22 00 00 00 01 00 49 00   236000  122   220000     35ef 46500250 460a0250 20011736 20010205
 231.109405 CANFD   1 Rx        7e0                                   0 0 8  8 23 00 00 00 00 00 00 80   244000  126   220000     7fe8 46500250 460a0250 20011736 20010205
 231.109653 CANFD   1 Rx        7e0                                   0 0 8  8 24 3f 00 00 80 3f 00 00   239992  124   220000      fd7 46500250 460a0250 20011736 20010205
 231.109897 CANFD   1 Rx        7e0                                   0 0 8  8 25 00 00 01 00 4a 00 00   236000  122   220000     32d3 46500250 460a0250 20011736 20010205
 231.110146 CANFD   1 Rx        7e0                                   0 0 8  8 26 00 00 00 00 00 80 3f   240000  124   220000     71e9 46500250 460a0250 20011736 20010205
 231.110392 CANFD   1 Rx        7e0                                   0 0 8  8 27 00 00 80 3f 00 00 00   238000  123   220000     4278 46500250 460a0250 20011736 20010205
 231.110636 CANFD   1 Rx        7e0                                   0 0 8  8 28 00 01 00 4b 00 00 00   236000  122   220000     5363 46500250 460a0250 20011736 20010205
 231.110884 CANFD   1 Rx        7e0                                   0 0 8  8 29 00 00 00 00 80 3f 00   240000  124   220000     693e 46500250 460a0250 20011736 20010205
 231.111133 CANFD   1 Rx        7e0                                   0 0 8  8 2a 00 80 3f 00 00 00 00   240000  124   220000     14bf 46500250 460a0250 20011736 20010205
 231.111379 CANFD   1 Rx        7e0                                   0 0 8  8 2b 01 00 4c 00 00 00 00   238000  123   220000     3561 46500250 460a0250 20011736 20010205
 231.111621 CANFD   1 Rx        7e0                                   0 0 8  8 2c 00 27 a0 c9 3e 00 00   234000  121   220000     2ef4 46500250 460a0250 20011736 20010205
 231.111869 CANFD   1 Rx        7e0                                   0 0 8  8 2d 80 3f 00 00 00 00 01   240000  124   220000     7f0c 46500250 460a0250 20011736 20010205
 231.112117 CANFD   1 Rx        7e0                                   0 0 8  8 2e 00 4d 00 00 00 00 00   240000  124   220000     42e9 46500250 460a0250 20011736 20010205
 231.112364 CANFD   1 Rx        7e0                                   0 0 8  8 2f 00 00 80 3f 00 00 80   238000  123   220000     44bd 46500250 460a0250 20011736 20010205
 231.112612 CANFD   1 Rx        7e0                                   0 0 8  8 20 3f 00 00 00 00 01 00   240000  124   220000     4708 46500250 460a0250 20011736 20010205
 231.112862 CANFD   1 Rx        7e0                                   0 0 8  8 21 4e 00 00 00 00 00 00   241992  125   220000     3836 46500250 460a0250 20011736 20010205
 231.113108 CANFD   1 Rx        7e0                                   0 0 8  8 22 00 80 3f 00 00 80 3f   238000  123   220000     5920 46500250 460a0250 20011736 20010205
 231.113354 CANFD   1 Rx        7e0                                   0 0 8  8 23 00 00 00 00 00 00 4f   238000  123   220000      9c4 46500250 460a0250 20011736 20010205
 231.113605 CANFD   1 Rx        7e0                                   0 0 8  8 24 00 00 00 00 00 00 00   242000  125   220000     7359 46500250 460a0250 20011736 20010205
 231.113849 CANFD   1 Rx        7e0                                   0 0 8  8 25 80 3f 00 00 80 3f 00   236000  122   220000     65a9 46500250 460a0250 20011736 20010205
 231.114097 CANFD   1 Rx        7e0                                   0 0 8  8 26 00 00 00 00 00 50 00   240000  124   220000     32c2 46500250 460a0250 20011736 20010205
 231.114347 CANFD   1 Rx        7e0                                   0 0 8  8 27 00 00 00 00 00 00 80   242000  125   220000     6d83 46500250 460a0250 20011736 20010205
 231.114596 CANFD   1 Rx        7e0                                   0 0 8  8 28 3f 00 00 80 3f 00 00   239991  124   220000     396a 46500250 460a0250 20011736 20010205
 231.114844 CANFD   1 Rx        7e0                                   0 0 8  8 29 00 00 00 00 51 00 00   240000  124   220000      65d 46500250 460a0250 20011736 20010205
 231.115092 CANFD   1 Rx        7e0                                   0 0 8  8 2a 00 00 00 00 00 80 3f   240000  124   220000     4754 46500250 460a0250 20011736 20010205
 231.115338 CANFD   1 Rx        7e0                                   0 0 8  8 2b 00 00 80 3f 00 00 00   238000  123   220000     74c5 46500250 460a0250 20011736 20010205
 231.115584 CANFD   1 Rx        7e0                                   0 0 8  8 2c 00 01 00 52 00 00 00   238000  123   220000      91b 46500250 460a0250 20011736 20010205
 231.115831 CANFD   1 Rx        7e0                                   0 0 8  8 2d 00 00 00 00 80 3f 00   238000  123   220000     7b55 46500250 460a0250 20011736 20010205
 231.116079 CANFD   1 Rx        7e0                                   0 0 8  8 2e 00 80 3f 00 00 00 00   240000  124   220000      6d4 46500250 460a0250 20011736 20010205
 231.116323 CANFD   1 Rx        7e0                                   0 0 8  8 2f 01 00 53 00 00 00 00   236000  122   220000     2555 46500250 460a0250 20011736 20010205
 231.116575 CANFD   1 Rx        7e0                                   0 0 8  8 20 00 00 00 80 3f 00 00   244000  126   220000     7fa0 46500250 460a0250 20011736 20010205
 231.116822 CANFD   1 Rx        7e0                                   0 0 8  8 21 80 3f 00 00 00 00 01   238000  123   220000     49b1 46500250 460a0250 20011736 20010205
 231.117070 CANFD   1 Rx        7e0                                   0 0 8  8 22 00 54 00 00 00 00 00   240000  124   220000     3773 46500250 460a0250 20011736 20010205
 231.117318 CANFD   1 Rx        7e0                                   0 0 8  8 23 00 00 80 3f 00 00 80   240000  124   220000     7200 46500250 460a0250 20011736 20010205
 231.117564 CANFD   1 Rx        7e0                                   0 0 8  8 24 3f 00 00 00 00 01 00   238000  123   220000     5563 46500250 460a0250 20011736 20010205
 231.117814 CANFD   1 Rx        7e0                                   0 0 8  8 25 55 00 00 00 00 00 00   241991  125   220000     1051 46500250 460a0250 20011736 20010205
 231.118059 CANFD   1 Rx        7e0                                   0 0 8  8 26 00 80 3f 00 00 80 3f   236000  122   220000     4b4b 46500250 460a0250 20011736 20010205
 231.118309 CANFD   1 Rx        7e0                                   0 0 8  8 27 00 00 00 00 00 00 56   242000  125   220000      7a6 46500250 460a0250 20011736 20010205
 231.118559 CANFD   1 Rx        7e0                                   0 0 8  8 28 00 00 00 00 00 00 00   242000  125   220000     45e4 46500250 460a0250 20011736 20010205
 231.118803 CANFD   1 Rx        7e0                                   0 0 8  8 29 80 3f 00 00 80 3f 00   236000  122   220000     5314 46500250 460a0250 20011736 20010205
 231.119047 CANFD   1 Rx        7e0                                   0 0 8  8 2a 00 00 00 01 00 57 00   236000  122   220000     4d47 46500250 460a0250 20011736 20010205
 231.119298 CANFD   1 Rx        7e0                                   0 0 8  8 2b 00 00 00 00 00 00 80   242000  125   220000     5b3e 46500250 460a0250 20011736 20010205
 231.119546 CANFD   1 Rx        7e0                                   0 0 8  8 2c 3f 00 00 80 3f 00 00   239992  124   220000     2b01 46500250 460a0250 20011736 20010205
 231.119790 CANFD   1 Rx        7e0                                   0 0 8  8 2d 00 00 01 00 58 00 00   236000  122   220000     5097 46500250 460a0250 20011736 20010205
 231.120040 CANFD   1 Rx        7e0                                   0 0 8  8 2e 00 00 00 00 00 80 3f   242000  125   220000     553f 46500250 460a0250 20011736 20010205
 231.120287 CANFD   1 Rx        7e0                                   0 0 8  8 2f 00 00 80 3f 00 00 00   238000  123   220000     66ae 46500250 460a0250 20011736 20010205
 231.120535 CANFD   1 Rx        7e0                                   0 0 8  8 20 00 01 00 59 00 00 00   240000  124   220000     2ef7 46500250 460a0250 20011736 20010205
 231.120781 CANFD   1 Rx        7e0                                   0 0 8  8 21 00 00 00 00 80 3f 00   238000  123   220000     4de8 46500250 460a0250 20011736 20010205
 231.121029 CANFD   1 Rx        7e0                                   0 0 8  8 22 00 80 3f 00 00 00 00   240000  124   220000     3069 46500250 460a0250 20011736 20010205
 231.121273 CANFD   1 Rx        7e0                                   0 0 8  8 23 01 00 5a 00 00 00 00   236000  122   220000     5d24 46500250 460a0250 20011736 20010205
 231.121522 CANFD   1 Rx        7e0                                   0 0 8  8 24 00 00 00 80 3f 00 00   240000  124   220000     6dcb 46500250 460a0250 20011736 20010205
 231.121768 CANFD   1 Rx        7e0                                   0 0 8  8 25 80 3f 00 00 00 00 01   238000  123   220000     5bda 46500250 460a0250 20011736 20010205
 231.122004 CANFD   1 Rx        7e0                                   0 0 8  8 26 00 5b 00 66 b6 2a c5   228000  118   220000      d05 46500250 460a0250 20011736 20010205
 231.122252 CANFD   1 Rx        7e0                                   0 0 8  8 27 00 00 80 3f 00 00 80   240000  124   220000     606b 46500250 460a0250 20011736 20010205
 231.122504 CANFD   1 Rx        7e0                                   0 0 8  8 28 3f 00 00 00 00 00 00   244000  126   220000     27f8 46500250 460a0250 20011736 20010205
 231.122753 CANFD   1 Rx        7e0                                   0 0 8  8 29 5c 00 00 00 00 00 00   239992  124   220000     30e8 46500250 460a0250 20011736 20010205
 231.123001 CANFD   1 Rx        7e0                                   0 0 8  8 2a 00 80 3f 00 00 80 3f   240000  124   220000     7df6 46500250 460a0250 20011736 20010205
 231.123247 CANFD   1 Rx        7e0                                   0 0 8  8 2b 00 00 00 00 01 00 5d   238000  123   220000     3e3a 46500250 460a0250 20011736 20010205
 231.123497 CANFD   1 Rx        7e0                                   0 0 8  8 2c 00 00 00 00 00 00 00   242000  125   220000     578f 46500250 460a0250 20011736 20010205
 231.123746 CANFD   1 Rx        7e0                                   0 0 8  8 2d 80 3f 00 00 80 3f 00   240000  124   220000     417f 46500250 460a0250 20011736 20010205
 231.123990 CANFD   1 Rx        7e0                                   0 0 8  8 2e 00 00 00 01 00 5e 00   236000  122   220000     62f5 46500250 460a0250 20011736 20010205
 231.124238 CANFD   1 Rx        7e0                                   0 0 8  8 2f 00 00 00 00 00 00 80   240000  124   220000     4955 46500250 460a0250 20011736 20010205
 231.124486 CANFD   1 Rx        7e0                                   0 0 8  8 20 3f 00 00 80 3f 00 00   240000  124   220000     1dbc 46500250 460a0250 20011736 20010205
 231.124732 CANFD   1 Rx        7e0                                   0 0 8  8 21 00 00 01 00 5f 00 00   238000  123   220000     78ed 46500250 460a0250 20011736 20010205
 231.124983 CANFD   1 Rx        7e0                                   0 0 8  8 22 00 00 00 00 00 80 3f   242000  125   220000     6382 46500250 460a0250 20011736 20010205
 231.125231 CANFD   1 Rx        7e0                                   0 0 8  8 23 00 00 80 3f 00 00 00   240000  124   220000     5013 46500250 460a0250 20011736 20010205
 231.125479 CANFD   1 Rx        7e0                                   0 0 8  8 24 00 00 00 60 00 00 00   240000  124   220000     665e 46500250 460a0250 20011736 20010205
 231.125729 CANFD   1 Rx        7e0                                   0 0 8  8 25 00 00 00 00 80 3f 00   242000  125   220000     5f83 46500250 460a0250 20011736 20010205
 231.125977 CANFD   1 Rx        7e0                                   0 0 8  8 26 00 80 3f 00 00 00 00   240000  124   220000     2202 46500250 460a0250 20011736 20010205
 231.126226 CANFD   1 Rx        7e0                                   0 0 8  8 27 00 00 61 00 00 00 00   240000  124   220000     4efa 46500250 460a0250 20011736 20010205
 231.126474 CANFD   1 Rx        7e0                                   0 0 8  8 28 00 00 00 80 3f 00 00   240000  124   220000     5b76 46500250 460a0250 20011736 20010205
 231.126724 CANFD   1 Rx        7e0                                   0 0 8  8 29 80 3f 00 00 00 00 00   242000  125   220000     28fe 46500250 460a0250 20011736 20010205
 231.126972 CANFD   1 Rx        7e0                                   0 0 8  8 2a 00 62 00 00 00 00 00   240000  124   220000     28c2 46500250 460a0250 20011736 20010205
 231.127219 CANFD   1 Rx        7e0                                   0 0 8  8 2b 00 00 80 3f 00 00 80   238000  123   220000     56d6 46500250 460a0250 20011736 20010205
 231.127465 CANFD   1 Rx        7e0                                   0 0 8  8 2c 3f 00 00 00 00 01 00   238000  123   220000     71b5 46500250 460a0250 20011736 20010205
 231.127715 CANFD   1 Rx        7e0                                   0 0 8  8 2d 63 00 00 00 00 00 00   241991  125   220000     409f 46500250 460a0250 20011736 20010205
 231.127961 CANFD   1 Rx        7e0                                   0 0 8  8 2e 00 80 3f 00 00 80 3f   238000  123   220000     6f9d 46500250 460a0250 20011736 20010205
 231.128205 CANFD   1 Rx        7e0                                   0 0 8  8 2f 00 00 00 00 01 00 64   236000  122   220000     6b76 46500250 460a0250 20011736 20010205
 231.128458 CANFD   1 Rx        7e0                                   0 0 8  8 20 00 00 00 00 00 00 00   244000  126   220000     6132 46500250 460a0250 20011736 20010205
 231.128706 CANFD   1 Rx        7e0                                   0 0 8  8 21 80 3f 00 00 80 3f 00   240000  124   220000     77c2 46500250 460a0250 20011736 20010205
 231.128952 CANFD   1 Rx        7e0                                   0 0 8  8 22 00 00 00 01 00 65 00   238000  123   220000     7eed 46500250 460a0250 20011736 20010205
 231.129204 CANFD   1 Rx        7e0                                   0 0 8  8 23 00 00 00 00 00 00 80   244000  126   220000     7fe8 46500250 460a0250 20011736 20010205
 231.129452 CANFD   1 Rx        7e0                                   0 0 8  8 24 3f 00 00 80 3f 00 00   239992  124   220000      fd7 46500250 460a0250 20011736 20010205
 231.129699 CANFD   1 Rx        7e0                                   0 0 8  8 25 00 00 00 00 66 00 01   238000  123   220000      b42 46500250 460a0250 20011736 20010205
 231.129949 CANFD   1 Rx        7e0                                   0 0 8  8 26 00 00 00 02 00 00 00   242000  125   220000     2550 46500250 460a0250 20011736 20010205
 231.130197 CANFD   1 Rx        7e0                                   0 0 8  8 27 04 00 00 00 08 00 00   240000  124   220000     4e3b 46500250 460a0250 20011736 20010205
 231.130447 CANFD   1 Rx        7e0                                   0 0 8  8 28 00 10 00 00 00 20 00   242000  125   220000     40d8 46500250 460a0250 20011736 20010205
 231.130696 CANFD   1 Rx        7e0                                   0 0 8  8 29 00 00 40 00 00 00 80   240000  124   220000     374c 46500250 460a0250 20011736 20010205
 231.130948 CANFD   1 Rx        7e0                                   0 0 8  8 2a 00 00 00 00 01 00 00   243991  126   220000     5e09 46500250 460a0250 20011736 20010205
 231.131196 CANFD   1 Rx        7e0                                   0 0 8  8 2b 00 02 00 00 00 04 00   240000  124   220000     1b46 46500250 460a0250 20011736 20010205
 231.131444 CANFD   1 Rx        7e0                                   0 0 8  8 2c 00 00 08 00 00 00 10   240000  124   220000     533c 46500250 460a0250 20011736 20010205
 231.131694 CANFD   1 Rx        7e0                                   0 0 8  8 2d 00 00 00 20 00 00 00   242000  125   220000      c42 46500250 460a0250 20011736 20010205
 231.131943 CANFD   1 Rx        7e0                                   0 0 8  8 2e 40 00 00 00 80 00 00   240000  124   220000     26c6 46500250 460a0250 20011736 20010205
 231.132193 CANFD   1 Rx        7e0                                   0 0 8  8 2f 00 00 01 00 00 00 02   242000  125   220000     4205 46500250 460a0250 20011736 20010205
 231.132443 CANFD   1 Rx        7e0                                   0 0 8  8 20 00 00 00 04 00 00 00   242000  125   220000     1ad2 46500250 460a0250 20011736 20010205
 231.132691 CANFD   1 Rx        7e0                                   0 0 8  8 21 08 00 00 00 10 00 00   239992  124   220000     3554 46500250 460a0250 20011736 20010205
 231.132944 CANFD   1 Rx        7e0                                   0 0 8  8 22 00 20 00 00 00 40 00   244000  126   220000       b3 46500250 460a0250 20011736 20010205
 231.133192 CANFD   1 Rx        7e0                                   0 0 8  8 23 00 00 80 00 00 00 00   240000  124   220000     52ed 46500250 460a0250 20011736 20010205
 231.133442 CANFD   1 Rx        7e0                                   0 0 8  8 24 01 00 00 00 02 00 00   242000  125   220000     2099 46500250 460a0250 20011736 20010205
 231.133690 CANFD   1 Rx        7e0                                   0 0 8  8 25 00 04 00 00 00 08 00   240000  124   220000     2526 46500250 460a0250 20011736 20010205
 231.133940 CANFD   1 Rx        7e0                                   0 0 8  8 26 00 00 10 00 00 00 20   242000  125   220000     11c6 46500250 460a0250 20011736 20010205
 231.134191 CANFD   1 Rx        7e0                                   0 0 8  8 27 00 00 00 40 00 00 00   242000  125   220000     566a 46500250 460a0250 20011736 20010205
 231.134433 CANFD   1 Rx        7e0                                   0 0 8  8 28 80 9a fb 00 00 9a fb   233991  121   220000     4b9f 46500250 460a0250 20011736 20010205
 231.134679 CANFD   1 Rx        7e0                                   0 0 8  8 29 00 00 9a fb 00 00 ff   238000  123   220000     3f62 46500250 460a0250 20011736 20010205
 231.134927 CANFD   1 Rx        7e0                                   0 0 8  8 2a ff ff 7f 00 00 00 80   240000  124   220000     5027 46500250 460a0250 20011736 20010205
 231.135169 CANFD   1 Rx        7e0                                   0 0 8  8 2b 00 00 01 00 16 22 01   234000  121   220000     77b7 46500250 460a0250 20011736 20010205
 231.135410 CANFD   1 Rx        7e0                                   0 0 8  8 2c 00 b6 48 01 00 7a 74   232000  120   220000     2a7e 46500250 460a0250 20011736 20010205
 231.135648 CANFD   1 Rx        7e0                                   0 0 8  8 2d 01 00 13 a6 01 00 46   230000  119   220000     258b 46500250 460a0250 20011736 20010205
 231.135890 CANFD   1 Rx        7e0                                   0 0 8  8 2e de 01 00 f4 1d 02 00   233992  121   220000     7df9 46500250 460a0250 20011736 20010205
 231.136126 CANFD   1 Rx        7e0                                   0 0 8  8 2f 1d 66 02 00 e1 b7 02   228000  118   220000     5e20 46500250 460a0250 20011736 20010205
 231.136365 CANFD   1 Rx        7e0                                   0 0 8  8 20 00 89 14 03 00 87 7d   230000  119   220000     7426 46500250 460a0250 20011736 20010205
 231.136603 CANFD   1 Rx        7e0                                   0 0 8  8 21 03 00 80 f4 03 00 50   230000  119   220000     5448 46500250 460a0250 20011736 20010205
 231.136841 CANFD   1 Rx        7e0                                   0 0 8  8 22 7b 04 00 13 14 05 00   230000  119   220000     22b3 46500250 460a0250 20011736 20010205
 231.137079 CANFD   1 Rx        7e0                                   0 0 8  8 23 2d c1 05 00 54 85 06   230000  119   220000     1033 46500250 460a0250 20011736 20010205
 231.137317 CANFD   1 Rx        7e0                                   0 0 8  8 24 00 99 63 07 00 76 5f   230000  119   220000     16a3 46500250 460a0250 20011736 20010205
 231.137556 CANFD   1 Rx        7e0                                   0 0 8  8 25 08 00 dd 7c 09 00 42   229991  119   220000     62bc 46500250 460a0250 20011736 20010205
 231.137798 CANFD   1 Rx        7e0                                   0 0 8  8 26 c0 0a 00 b8 2e 0c 00   234000  121   220000     5e2a 46500250 460a0250 20011736 20010205
 231.138034 CANFD   1 Rx        7e0                                   0 0 8  8 27 f8 cd 0d 00 83 a4 0f   228000  118   220000     14c5 46500250 460a0250 20011736 20010205
 231.138268 CANFD   1 Rx        7e0                                   0 0 8  8 28 00 b5 b9 11 00 e6 15   226000  117   220000     6634 46500250 460a0250 20011736 20010205
 231.138506 CANFD   1 Rx        7e0                                   0 0 8  8 29 14 00 89 c2 16 00 54   230000  119   220000     1818 46500250 460a0250 20011736 20010205
 231.138741 CANFD   1 Rx        7e0                                   0 0 8  8 2a ca 19 00 6a 39 1d 00   226000  117   220000     16f6 46500250 460a0250 20011736 20010205
 231.138971 CANFD   1 Rx        7e0                                   0 0 8  8 2b 8e 1d 21 00 54 86 25   222000  115   220000     3650 46500250 460a0250 20011736 20010205
 231.139207 CANFD   1 Rx        7e0                                   0 0 8  8 2c 00 65 85 2a 00 c5 2e   228000  118   220000     73fb 46500250 460a0250 20011736 20010205
 231.139445 CANFD   1 Rx        7e0                                   0 0 8  8 2d 30 00 20 99 36 00 29   230000  119   220000     715b 46500250 460a0250 20011736 20010205
 231.139686 CANFD   1 Rx        7e0                                   0 0 8  8 2e de 3d 00 fc 1a 46 00   232000  120   220000     2097 46500250 460a0250 20011736 20010205
 231.139922 CANFD   1 Rx        7e0                                   0 0 8  8 2f 99 70 4f 00 63 04 5a   228000  118   220000     3c49 46500250 460a0250 20011736 20010205
 231.140162 CANFD   1 Rx        7e0                                   0 0 8  8 20 00 b6 00 66 00 93 95   232000  120   220000     45fa 46500250 460a0250 20011736 20010205
 231.140398 CANFD   1 Rx        7e0                                   0 0 8  8 21 73 00 62 f9 82 00 c5   228000  118   220000     1737 46500250 460a0250 20011736 20010205
 231.140640 CANFD   1 Rx        7e0                                   0 0 8  8 22 69 94 00 63 08 00 00   233991  121   220000     2e01 46500250 460a0250 20011736 20010205
 231.140883 CANFD   1 Rx        7e0                                   0 0 8  8 23 63 08 00 00 63 08 00   234000  121   220000      119 46500250 460a0250 20011736 20010205
 231.141129 CANFD   1 Rx        7e0                                   0 0 8  8 24 00 ff 7f 00 00 01 80   238000  123   220000     150d 46500250 460a0250 20011736 20010205
 231.141369 CANFD   1 Rx        7e0                                   0 0 8  8 25 ff ff 04 20 27 80 38   232000  120   220000     235e 46500250 460a0250 20011736 20010205
 231.141607 CANFD   1 Rx        7e0                                   0 0 8  8 26 21 27 80 98 22 27 80   230000  119   220000     7df4 46500250 460a0250 20011736 20010205
 231.141841 CANFD   1 Rx        7e0                                   0 0 8  8 27 fc 23 27 80 6c 20 27   226000  117   220000     2b56 46500250 460a0250 20011736 20010205
 231.142078 CANFD   1 Rx        7e0                                   0 0 8  8 28 80 cc 21 27 80 00 23   228000  118   220000     5aaf 46500250 460a0250 20011736 20010205
 231.142312 CANFD   1 Rx        7e0                                   0 0 8  8 29 27 80 64 24 27 80 98   226000  117   220000     17a6 46500250 460a0250 20011736 20010205
 231.142546 CANFD   1 Rx        7e0                                   0 0 8  8 2a 1a 27 80 b8 1d 27 80   226000  117   220000     5a38 46500250 460a0250 20011736 20010205
 231.142782 CANFD   1 Rx        7e0                                   0 0 8  8 2b fc 1a 27 80 64 1b 27   228000  118   220000     3149 46500250 460a0250 20011736 20010205
 231.143021 CANFD   1 Rx        7e0                                   0 0 8  8 2c 80 d0 20 27 80 30 22   230000  119   220000     15a7 46500250 460a0250 20011736 20010205
 231.143253 CANFD   1 Rx        7e0                                   0 0 8  8 2d 27 80 94 23 27 80 ec   224000  116   220000     3b4a 46500250 460a0250 20011736 20010205
 231.143491 CANFD   1 Rx        7e0                                   0 0 8  8 2e 24 27 80 44 1e 27 80   230000  119   220000      263 46500250 460a0250 20011736 20010205
 231.143727 CANFD   1 Rx        7e0                                   0 0 8  8 2f 78 1f 27 80 a8 1e 27   227991  118   220000     3638 46500250 460a0250 20011736 20010205
 231.143969 CANFD   1 Rx        7e0                                   0 0 8  8 20 80 10 1f 27 80 cc 1b   234000  121   220000     2b0f 46500250 460a0250 20011736 20010205
 231.144206 CANFD   1 Rx        7e0                                   0 0 8  8 21 27 80 2c 1d 27 80 5c   228000  118   220000     5028 46500250 460a0250 20011736 20010205
 231.144440 CANFD   1 Rx        7e0                                   0 0 8  8 22 1c 27 80 c4 1c 27 80   226000  117   220000     4d7b 46500250 460a0250 20011736 20010205
 231.144672 CANFD   1 Rx        7e0                                   0 0 8  8 23 8a 5d 0b 80 93 5d 0b   224000  116   220000     5036 46500250 460a0250 20011736 20010205
 231.144908 CANFD   1 Rx        7e0                                   0 0 8  8 24 80 7f 5d 0b 80 88 5d   228000  118   220000      2cf 46500250 460a0250 20011736 20010205
 231.145147 CANFD   1 Rx        7e0                                   0 0 8  8 25 0b 80 91 5d 0b 80 7d   230000  119   220000       82 46500250 460a0250 20011736 20010205
 231.145389 CANFD   1 Rx        7e0                                   0 0 8  8 26 5d 0b 80 00 00 00 00   233992  121   220000     5576 46500250 460a0250 20011736 20010205
 231.145641 CANFD   1 Rx        7e0                                   0 0 8  8 27 00 00 00 00 00 00 00   244000  126   220000     4f90 46500250 460a0250 20011736 20010205
 231.145879 CANFD   1 Rx        7e0                                   0 0 8  8 28 00 90 44 27 80 28 46   230000  119   220000     4d02 46500250 460a0250 20011736 20010205
 231.146113 CANFD   1 Rx        7e0                                   0 0 8  8 29 27 80 f0 47 27 80 f4   226000  117   220000     6c46 46500250 460a0250 20011736 20010205
 231.146352 CANFD   1 Rx        7e0                                   0 0 8  8 2a 44 27 80 90 46 27 80   230000  119   220000      dbe 46500250 460a0250 20011736 20010205
 231.146586 CANFD   1 Rx        7e0                                   0 0 8  8 2b 58 48 27 80 2c 3f 27   226000  117   220000     5d8f 46500250 460a0250 20011736 20010205
 231.146828 CANFD   1 Rx        7e0                                   0 0 8  8 2c 80 04 40 27 80 04 41   234000  121   220000     302a 46500250 460a0250 20011736 20010205
 231.147074 CANFD   1 Rx        7e0                                   0 0 8  8 2d 27 80 00 00 00 00 00   238000  123   220000     5e51 46500250 460a0250 20011736 20010205
 231.147324 CANFD   1 Rx        7e0                                   0 0 8  8 2e 00 00 00 00 00 00 00   242000  125   220000     3c76 46500250 460a0250 20011736 20010205
 231.147561 CANFD   1 Rx        7e0                                   0 0 8  8 2f 94 3f 27 80 6c 40 27   228000  118   220000     25af 46500250 460a0250 20011736 20010205
 231.147797 CANFD   1 Rx        7e0                                   0 0 8  8 20 80 6c 41 27 80 24 4c   228000  118   220000     6a9e 46500250 460a0250 20011736 20010205
 231.148031 CANFD   1 Rx        7e0                                   0 0 8  8 21 27 80 f0 4c 27 80 e8   226000  117   220000     589e 46500250 460a0250 20011736 20010205
 231.148265 CANFD   1 Rx        7e0                                   0 0 8  8 22 4d 27 80 88 4c 27 80   226000  117   220000     1f6b 46500250 460a0250 20011736 20010205
 231.148500 CANFD   1 Rx        7e0                                   0 0 8  8 23 58 4d 27 80 50 4e 27   225992  117   220000     6232 46500250 460a0250 20011736 20010205
 231.148732 CANFD   1 Rx        7e0                                   0 0 8  8 24 80 b8 49 27 80 88 4a   224000  116   220000     50f1 46500250 460a0250 20011736 20010205
 231.148968 CANFD   1 Rx        7e0                                   0 0 8  8 25 27 80 54 4b 27 80 00   228000  118   220000     166f 46500250 460a0250 20011736 20010205
 231.149220 CANFD   1 Rx        7e0                                   0 0 8  8 26 00 00 00 00 00 00 00   244000  126   220000     18a0 46500250 460a0250 20011736 20010205
 231.149464 CANFD   1 Rx        7e0                                   0 0 8  8 27 00 00 00 00 20 4a 27   236000  122   220000     6cb3 46500250 460a0250 20011736 20010205
 231.149699 CANFD   1 Rx        7e0                                   0 0 8  8 28 80 f0 4a 27 80 bc 4b   226000  117   220000     52ed 46500250 460a0250 20011736 20010205
 231.149935 CANFD   1 Rx        7e0                                   0 0 8  8 29 27 80 94 51 27 80 60   228000  118   220000     6bbf 46500250 460a0250 20011736 20010205
 231.150167 CANFD   1 Rx        7e0                                   0 0 8  8 2a 52 27 80 2c 53 27 80   224000  116   220000     3917 46500250 460a0250 20011736 20010205
 231.150401 CANFD   1 Rx        7e0                                   0 0 8  8 2b f8 51 27 80 c8 52 27   226000  117   220000     6c88 46500250 460a0250 20011736 20010205
 231.150633 CANFD   1 Rx        7e0                                   0 0 8  8 2c 80 94 53 27 80 b8 4e   224000  116   220000     5d50 46500250 460a0250 20011736 20010205
 231.150870 CANFD   1 Rx        7e0                                   0 0 8  8 2d 27 80 b8 4f 27 80 90   228000  118   220000     12ff 46500250 460a0250 20011736 20010205
 231.151114 CANFD   1 Rx        7e0                                   0 0 8  8 2e 50 27 80 00 00 00 00   236000  122   220000     6f66 46500250 460a0250 20011736 20010205
 231.151364 CANFD   1 Rx        7e0                                   0 0 8  8 2f 00 00 00 00 00 00 00   242000  125   220000     6b46 46500250 460a0250 20011736 20010205
 231.151604 CANFD   1 Rx        7e0                                   0 0 8  8 20 00 28 4f 27 80 28 50   231992  120   220000      420 46500250 460a0250 20011736 20010205
 231.151843 CANFD   1 Rx        7e0                                   0 0 8  8 21 27 80 00 51 27 80 66   230000  119   220000     10c1 46500250 460a0250 20011736 20010205
 231.152081 CANFD   1 Rx        7e0                                   0 0 8  8 22 91 01 60 1e 91 01 60   230000  119   220000     4a82 46500250 460a0250 20011736 20010205
 231.152321 CANFD   1 Rx        7e0                                   0 0 8  8 23 ee 90 01 60 96 91 01   232000  120   220000     3d06 46500250 460a0250 20011736 20010205
 231.152559 CANFD   1 Rx        7e0                                   0 0 8  8 24 60 36 91 01 60 06 91   230000  119   220000     2ec0 46500250 460a0250 20011736 20010205
 231.152797 CANFD   1 Rx        7e0                                   0 0 8  8 25 01 60 5c 45 27 80 f8   230000  119   220000      a72 46500250 460a0250 20011736 20010205
 231.153036 CANFD   1 Rx        7e0                                   0 0 8  8 26 46 27 80 c0 48 27 80   230000  119   220000     52be 46500250 460a0250 20011736 20010205
 231.153268 CANFD   1 Rx        7e0                                   0 0 8  8 27 c4 45 27 80 88 47 27   223991  116   220000     5dad 46500250 460a0250 20011736 20010205
 231.153504 CANFD   1 Rx        7e0                                   0 0 8  8 28 80 50 49 27 80 d4 41   228000  118   220000     435d 46500250 460a0250 20011736 20010205
 231.153738 CANFD   1 Rx        7e0                                   0 0 8  8 29 27 80 c4 42 27 80 94   226000  117   220000      666 46500250 460a0250 20011736 20010205
 231.153982 CANFD   1 Rx        7e0                                   0 0 8  8 2a 43 27 80 00 00 00 00   236000  122   220000     2774 46500250 460a0250 20011736 20010205
 231.154233 CANFD   1 Rx        7e0                                   0 0 8  8 2b 00 00 00 00 00 00 00   242000  125   220000     792d 46500250 460a0250 20011736 20010205
 231.154469 CANFD   1 Rx        7e0                                   0 0 8  8 2c 00 3c 42 27 80 2c 43   228000  118   220000      117 46500250 460a0250 20011736 20010205
 231.154703 CANFD   1 Rx        7e0                                   0 0 8  8 2d 27 80 fc 43 27 80 9c   226000  117   220000     6497 46500250 460a0250 20011736 20010205
 231.154939 CANFD   1 Rx        7e0                                   0 0 8  8 2e 91 01 60 3c 91 01 60   228000  118   220000     4d32 46500250 460a0250 20011736 20010205
 231.155174 CANFD   1 Rx        7e0                                   0 0 8  8 2f 0c 91 01 60 6c 91 01   226000  117   220000     168c 46500250 460a0250 20011736 20010205
 231.155416 CANFD   1 Rx        7e0                                   0 0 8  8 20 60 24 91 01 60 f4 90   234000  121   220000     1feb 46500250 460a0250 20011736 20010205
 231.155656 CANFD   1 Rx        7e0                                   0 0 8  8 21 01 60 50 a1 00 70 4a   232000  120   220000      103 46500250 460a0250 20011736 20010205
 231.155892 CANFD   1 Rx        7e0                                   0 0 8  8 22 a1 00 70 4e a1 00 70   228000  118   220000     7d76 46500250 460a0250 20011736 20010205
 231.156128 CANFD   1 Rx        7e0                                   0 0 8  8 23 48 a1 00 70 4c a1 00   228000  118   220000      731 46500250 460a0250 20011736 20010205
 231.156361 CANFD   1 Rx        7e0                                   0 0 8  8 24 70 46 a1 00 70 8a 91   223991  116   220000     299a 46500250 460a0250 20011736 20010205
 231.156601 CANFD   1 Rx        7e0                                   0 0 8  8 25 01 60 2a 91 01 60 fa   232000  120   220000     7e59 46500250 460a0250 20011736 20010205
 231.156839 CANFD   1 Rx        7e0                                   0 0 8  8 26 90 01 60 4e 91 01 60   230000  119   220000     53d0 46500250 460a0250 20011736 20010205
 231.157077 CANFD   1 Rx        7e0                                   0 0 8  8 27 12 91 01 60 e2 90 01   230000  119   220000     5a05 46500250 460a0250 20011736 20010205
 231.157311 CANFD   1 Rx        7e0                                   0 0 8  8 28 60 90 91 01 60 30 91   226000  117   220000     5a53 46500250 460a0250 20011736 20010205
 231.157550 CANFD   1 Rx        7e0                                   0 0 8  8 29 01 60 00 91 01 60 54   230000  119   220000     11de 46500250 460a0250 20011736 20010205
 231.157786 CANFD   1 Rx        7e0                                   0 0 8  8 2a 91 01 60 18 91 01 60   228000  118   220000     2844 46500250 460a0250 20011736 20010205
 231.158026 CANFD   1 Rx        7e0                                   0 0 8  8 2b e8 90 01 60 fc 5b 27   232000  120   220000     4dbf 46500250 460a0250 20011736 20010205
 231.158264 CANFD   1 Rx        7e0                                   0 0 8  8 2c 80 cc 5c 27 80 00 00   230000  119   220000     764c 46500250 460a0250 20011736 20010205
 231.158503 CANFD   1 Rx        7e0                                   0 0 8  8 2d 00 00 a0 5d 27 80 70   230000  119   220000     64c7 46500250 460a0250 20011736 20010205
 231.158745 CANFD   1 Rx        7e0                                   0 0 8  8 2e 5e 27 80 00 00 00 00   234000  121   220000     749e 46500250 460a0250 20011736 20010205
 231.158987 CANFD   1 Rx        7e0                                   0 0 8  8 2f 44 5f 27 80 00 00 00   234000  121   220000     2c87 46500250 460a0250 20011736 20010205
 231.159235 CANFD   1 Rx        7e0                                   0 0 8  8 20 00 00 00 00 00 14 60   240000  124   220000     218d 46500250 460a0250 20011736 20010205
 231.159481 CANFD   1 Rx        7e0                                   0 0 8  8 21 27 80 00 00 00 00 00   238000  123   220000     68ec 46500250 460a0250 20011736 20010205
 231.159726 CANFD   1 Rx        7e0                                   0 0 8  8 22 00 00 00 e8 60 27 80   236000  122   220000      31d 46500250 460a0250 20011736 20010205
 231.159960 CANFD   1 Rx        7e0                                   0 0 8  8 23 c0 61 27 80 c8 62 27   226000  117   220000      298 46500250 460a0250 20011736 20010205
 231.160196 CANFD   1 Rx        7e0                                   0 0 8  8 24 80 ee c8 27 80 fa c8   228000  118   220000     5e2e 46500250 460a0250 20011736 20010205
 231.160440 CANFD   1 Rx        7e0                                   0 0 8  8 25 27 80 00 00 00 00 06   236000  122   220000     6ce3 46500250 460a0250 20011736 20010205
 231.160675 CANFD   1 Rx        7e0                                   0 0 8  8 26 c9 27 80 12 c9 27 80   226000  117   220000     188b 46500250 460a0250 20011736 20010205
 231.160921 CANFD   1 Rx        7e0                                   0 0 8  8 27 00 00 00 00 1e c9 27   238000  123   220000       38 46500250 460a0250 20011736 20010205
 231.161173 CANFD   1 Rx        7e0                                   0 0 8  8 28 80 00 00 00 00 00 00   244000  126   220000     6e7c 46500250 460a0250 20011736 20010205
 231.161413 CANFD   1 Rx        7e0                                   0 0 8  8 29 00 00 2a c9 27 80 00   232000  120   220000     730d 46500250 460a0250 20011736 20010205
 231.161663 CANFD   1 Rx        7e0                                   0 0 8  8 2a 00 00 00 00 00 00 00   242000  125   220000     2e1d 46500250 460a0250 20011736 20010205
 231.161898 CANFD   1 Rx        7e0                                   0 0 8  8 2b 36 c9 27 80 36 c9 27   226000  117   220000     660a 46500250 460a0250 20011736 20010205
 231.162130 CANFD   1 Rx        7e0                                   0 0 8  8 2c 80 42 c9 27 80 89 5d   224000  116   220000     435d 46500250 460a0250 20011736 20010205
 231.162364 CANFD   1 Rx        7e0                                   0 0 8  8 2d 0b 80 92 5d 0b 80 7e   226000  117   220000     42c7 46500250 460a0250 20011736 20010205
 231.162598 CANFD   1 Rx        7e0                                   0 0 8  8 2e 5d 0b 80 87 5d 0b 80   226000  117   220000     4415 46500250 460a0250 20011736 20010205
 231.162834 CANFD   1 Rx        7e0                                   0 0 8  8 2f 90 5d 0b 80 7c 5d 0b   228000  118   220000     6c71 46500250 460a0250 20011736 20010205
 231.163069 CANFD   1 Rx        7e0                                   0 0 8  8 20 80 86 5d 0b 80 8f 5d   226000  117   220000     6730 46500250 460a0250 20011736 20010205
 231.163303 CANFD   1 Rx        7e0                                   0 0 8  8 21 0b 80 7b 5d 0b 80 64   226000  117   220000     4419 46500250 460a0250 20011736 20010205
 231.163535 CANFD   1 Rx        7e0                                   0 0 8  8 22 5c 27 80 34 5d 27 80   224000  116   220000     6d5c 46500250 460a0250 20011736 20010205
 231.163779 CANFD   1 Rx        7e0                                   0 0 8  8 23 00 00 00 00 08 5e 27   236000  122   220000     460e 46500250 460a0250 20011736 20010205
 231.164018 CANFD   1 Rx        7e0                                   0 0 8  8 24 80 d8 5e 27 80 00 00   230000  119   220000     4991 46500250 460a0250 20011736 20010205
 231.164260 CANFD   1 Rx        7e0                                   0 0 8  8 25 00 00 ac 5f 27 80 00   233992  121   220000     452b 46500250 460a0250 20011736 20010205
 231.164512 CANFD   1 Rx        7e0                                   0 0 8  8 26 00 00 00 00 00 00 00   244000  126   220000     18a0 46500250 460a0250 20011736 20010205
 231.164758 CANFD   1 Rx        7e0                                   0 0 8  8 27 7c 60 27 80 00 00 00   238000  123   220000     7603 46500250 460a0250 20011736 20010205
 231.165004 CANFD   1 Rx        7e0                                   0 0 8  8 28 00 00 00 00 00 58 61   238000  123   220000     7b0b 46500250 460a0250 20011736 20010205
 231.165253 CANFD   1 Rx        7e0                                   0 0 8  8 29 27 00 00 00 00 00 00   240000  124   220000     15ce 46500250 460a0250 20011736 20010205
 231.167193 CANFD   1 Rx        7e8                                   0 0 8  8 02 76 0f 00 00 00 00 00   240000  124   200000      b3b 46500250 460a0250 20011736 20010205
 231.174409 CANFD   1 Rx        7df                                   0 0 8  8 02 3e 80 00 00 00 00 00   239979  124   200000     21e8 46500250 460a0250 20011736 20010205
 231.229408 CANFD   1 Rx        7e0                                   0 0 8  8 1f ff 36 10 80 30 62 27   227967  118   200000     2789 46500250 460a0250 20011736 20010205
